epoch,batch,loss,landmark,angular_deg,gaze_consist,shape,ray_target,pose,translation,lr
1,1,105.723320,0.000168,45.6255,0.000000,0.000000,0.000000,0.000000,0.000000,0.00030000
1,2,101.451866,0.000165,44.1878,0.000000,0.000000,0.000000,0.000000,0.000000,0.00030000
1,3,98.848389,0.000174,44.5378,0.000000,0.000000,0.000000,0.000000,0.000000,0.00030000
1,4,96.652817,0.000179,46.7860,0.000000,0.000000,0.000000,0.000000,0.000000,0.00030000
1,5,94.062523,0.000168,46.3146,0.000000,0.000000,0.000000,0.000000,0.000000,0.00030000
1,6,92.070244,0.000162,43.0644,0.000000,0.000000,0.000000,0.000000,0.000000,0.00030000
1,7,90.137077,0.000170,46.3642,0.000000,0.000000,0.000000,0.000000,0.000000,0.00030000
1,8,87.992798,0.000172,43.4381,0.000000,0.000000,0.000000,0.000000,0.000000,0.00030000
1,9,85.652344,0.000161,44.6718,0.000000,0.000000,0.000000,0.000000,0.000000,0.00030000
1,10,83.576218,0.000138,44.6665,0.000000,0.000000,0.000000,0.000000,0.000000,0.00030000
1,11,81.204521,0.000142,43.9025,0.000000,0.000000,0.000000,0.000000,0.000000,0.00030000
1,12,78.806168,0.000141,45.2076,0.000000,0.000000,0.000000,0.000000,0.000000,0.00030000
1,13,76.211975,0.000136,43.2323,0.000000,0.000000,0.000000,0.000000,0.000000,0.00030000
1,14,74.019638,0.000164,47.2472,0.000000,0.000000,0.000000,0.000000,0.000000,0.00030000
1,15,70.417053,0.000150,36.9919,0.000000,0.000000,0.000000,0.000000,0.000000,0.00030000
1,16,68.869308,0.000130,41.9857,0.000000,0.000000,0.000000,0.000000,0.000000,0.00030000
1,17,65.591171,0.000122,38.0537,0.000000,0.000000,0.000000,0.000000,0.000000,0.00030000
1,18,63.312031,0.000130,41.8024,0.000000,0.000000,0.000000,0.000000,0.000000,0.00030000
1,19,59.991222,0.000142,40.5956,0.000000,0.000000,0.000000,0.000000,0.000000,0.00030000
1,20,57.680477,0.000152,44.5711,0.000000,0.000000,0.000000,0.000000,0.000000,0.00030000
1,21,53.966808,0.000149,44.7779,0.000000,0.000000,0.000000,0.000000,0.000000,0.00030000
1,22,49.932156,0.000148,45.3798,0.000000,0.000000,0.000000,0.000000,0.000000,0.00030000
1,23,45.665264,0.000154,44.7358,0.000000,0.000000,0.000000,0.000000,0.000000,0.00030000
1,24,41.045868,0.000172,48.4247,0.000000,0.000000,0.000000,0.000000,0.000000,0.00030000
1,25,36.078007,0.000147,41.9118,0.000000,0.000000,0.000000,0.000000,0.000000,0.00030000
1,26,30.839668,0.000151,41.6288,0.000000,0.000000,0.000000,0.000000,0.000000,0.00030000
1,27,25.156708,0.000136,38.7463,0.000000,0.000000,0.000000,0.000000,0.000000,0.00030000
1,28,19.462507,0.000123,40.3888,0.000000,0.000000,0.000000,0.000000,0.000000,0.00030000
1,29,15.151998,0.000104,48.9777,0.000000,0.000000,0.000000,0.000000,0.000000,0.00030000
1,30,9.171820,0.000145,44.5110,0.000000,0.000000,0.000000,0.000000,0.000000,0.00030000
1,31,6.919115,0.000136,42.2641,0.000000,0.000000,0.000000,0.000000,0.000000,0.00030000
1,32,8.617360,0.000143,76.1493,0.000000,0.000000,0.000000,0.000000,0.000000,0.00030000
1,33,7.403568,0.000151,75.8961,0.000000,0.000000,0.000000,0.000000,0.000000,0.00030000
1,34,7.489326,0.000156,58.0126,0.000000,0.000000,0.000000,0.000000,0.000000,0.00030000
1,35,6.800375,0.000128,41.2340,0.000000,0.000000,0.000000,0.000000,0.000000,0.00030000
1,36,7.806674,0.000146,43.7646,0.000000,0.000000,0.000000,0.000000,0.000000,0.00030000
1,37,6.495252,0.000133,45.2140,0.000000,0.000000,0.000000,0.000000,0.000000,0.00030000
1,38,6.983473,0.000132,50.7051,0.000000,0.000000,0.000000,0.000000,0.000000,0.00030000
1,39,6.510903,0.000127,50.8707,0.000000,0.000000,0.000000,0.000000,0.000000,0.00030000
1,40,7.598589,0.000140,48.4382,0.000000,0.000000,0.000000,0.000000,0.000000,0.00030000
1,41,6.188020,0.000138,50.4151,0.000000,0.000000,0.000000,0.000000,0.000000,0.00030000
1,42,6.535346,0.000136,52.5470,0.000000,0.000000,0.000000,0.000000,0.000000,0.00030000
1,43,5.992713,0.000152,59.5395,0.000000,0.000000,0.000000,0.000000,0.000000,0.00030000
1,44,6.502034,0.000202,48.3454,0.000000,0.000000,0.000000,0.000000,0.000000,0.00030000
1,45,6.038909,0.000192,48.2977,0.000000,0.000000,0.000000,0.000000,0.000000,0.00030000
1,46,6.199464,0.000139,60.9167,0.000000,0.000000,0.000000,0.000000,0.000000,0.00030000
1,47,6.089177,0.000173,51.2622,0.000000,0.000000,0.000000,0.000000,0.000000,0.00030000
1,48,6.379725,0.000182,46.0252,0.000000,0.000000,0.000000,0.000000,0.000000,0.00030000
1,49,6.128255,0.000145,57.4150,0.000000,0.000000,0.000000,0.000000,0.000000,0.00030000
1,50,5.921412,0.000145,54.0848,0.000000,0.000000,0.000000,0.000000,0.000000,0.00030000
1,51,5.607553,0.000160,50.9490,0.000000,0.000000,0.000000,0.000000,0.000000,0.00030000
1,52,6.562670,0.000161,74.2778,0.000000,0.000000,0.000000,0.000000,0.000000,0.00030000
1,53,7.533413,0.000200,68.2774,0.000000,0.000000,0.000000,0.000000,0.000000,0.00030000
1,54,6.952109,0.000133,55.0132,0.000000,0.000000,0.000000,0.000000,0.000000,0.00030000
1,55,5.799893,0.000133,52.3696,0.000000,0.000000,0.000000,0.000000,0.000000,0.00030000
1,56,6.108828,0.000105,60.5141,0.000000,0.000000,0.000000,0.000000,0.000000,0.00030000
1,57,6.298547,0.000129,47.4973,0.000000,0.000000,0.000000,0.000000,0.000000,0.00030000
1,58,5.468258,0.000151,42.6855,0.000000,0.000000,0.000000,0.000000,0.000000,0.00030000
1,59,7.793826,0.000205,47.9527,0.000000,0.000000,0.000000,0.000000,0.000000,0.00030000
1,60,6.322633,0.000176,47.3767,0.000000,0.000000,0.000000,0.000000,0.000000,0.00030000
1,61,6.222910,0.000145,45.9081,0.000000,0.000000,0.000000,0.000000,0.000000,0.00030000
1,62,5.318217,0.000131,60.4407,0.000000,0.000000,0.000000,0.000000,0.000000,0.00030000
1,63,5.712173,0.000146,40.8420,0.000000,0.000000,0.000000,0.000000,0.000000,0.00030000
1,64,5.213359,0.000109,41.7355,0.000000,0.000000,0.000000,0.000000,0.000000,0.00030000
1,65,5.684084,0.000113,60.7358,0.000000,0.000000,0.000000,0.000000,0.000000,0.00030000
1,66,5.053459,0.000119,47.3563,0.000000,0.000000,0.000000,0.000000,0.000000,0.00030000
1,67,5.753912,0.000121,67.1580,0.000000,0.000000,0.000000,0.000000,0.000000,0.00030000
1,68,5.379960,0.000135,59.4062,0.000000,0.000000,0.000000,0.000000,0.000000,0.00030000
1,69,6.504676,0.000133,43.2541,0.000000,0.000000,0.000000,0.000000,0.000000,0.00030000
1,70,5.373230,0.000136,51.3984,0.000000,0.000000,0.000000,0.000000,0.000000,0.00030000
1,71,6.226484,0.000134,59.2179,0.000000,0.000000,0.000000,0.000000,0.000000,0.00030000
1,72,5.272694,0.000126,47.5352,0.000000,0.000000,0.000000,0.000000,0.000000,0.00030000
1,73,5.875192,0.000143,54.6772,0.000000,0.000000,0.000000,0.000000,0.000000,0.00030000
1,74,6.182076,0.000136,77.7267,0.000000,0.000000,0.000000,0.000000,0.000000,0.00030000
1,75,5.043127,0.000119,41.0779,0.000000,0.000000,0.000000,0.000000,0.000000,0.00030000
1,76,6.175955,0.000149,84.9442,0.000000,0.000000,0.000000,0.000000,0.000000,0.00030000
1,77,5.477909,0.000126,56.9954,0.000000,0.000000,0.000000,0.000000,0.000000,0.00030000
1,78,5.326962,0.000100,50.8151,0.000000,0.000000,0.000000,0.000000,0.000000,0.00030000
1,79,5.071730,0.000109,42.2581,0.000000,0.000000,0.000000,0.000000,0.000000,0.00030000
1,80,5.928576,0.000110,80.2539,0.000000,0.000000,0.000000,0.000000,0.000000,0.00030000
1,81,5.434576,0.000156,65.0554,0.000000,0.000000,0.000000,0.000000,0.000000,0.00030000
1,82,5.895134,0.000147,43.3032,0.000000,0.000000,0.000000,0.000000,0.000000,0.00030000
1,83,5.853325,0.000154,43.7034,0.000000,0.000000,0.000000,0.000000,0.000000,0.00030000
1,84,5.794462,0.000124,70.1657,0.000000,0.000000,0.000000,0.000000,0.000000,0.00030000
1,85,5.590682,0.000140,49.3551,0.000000,0.000000,0.000000,0.000000,0.000000,0.00030000
1,86,5.196148,0.000151,45.5063,0.000000,0.000000,0.000000,0.000000,0.000000,0.00030000
1,87,4.565942,0.000129,49.7178,0.000000,0.000000,0.000000,0.000000,0.000000,0.00030000
1,88,6.000610,0.000138,53.1608,0.000000,0.000000,0.000000,0.000000,0.000000,0.00030000
1,89,4.808910,0.000140,44.3553,0.000000,0.000000,0.000000,0.000000,0.000000,0.00030000
1,90,6.034817,0.000136,97.0057,0.000000,0.000000,0.000000,0.000000,0.000000,0.00030000
1,91,6.323322,0.000139,54.9212,0.000000,0.000000,0.000000,0.000000,0.000000,0.00030000
1,92,6.624048,0.000159,40.0149,0.000000,0.000000,0.000000,0.000000,0.000000,0.00030000
1,93,5.593676,0.000110,62.5674,0.000000,0.000000,0.000000,0.000000,0.000000,0.00030000
1,94,5.158039,0.000142,50.6138,0.000000,0.000000,0.000000,0.000000,0.000000,0.00030000
1,95,5.021590,0.000127,47.9338,0.000000,0.000000,0.000000,0.000000,0.000000,0.00030000
1,96,4.147582,0.000108,41.1451,0.000000,0.000000,0.000000,0.000000,0.000000,0.00030000
1,97,8.553822,0.000180,47.5749,0.000000,0.000000,0.000000,0.000000,0.000000,0.00030000
1,98,4.775634,0.000139,48.0738,0.000000,0.000000,0.000000,0.000000,0.000000,0.00030000
1,99,6.355862,0.000131,48.9308,0.000000,0.000000,0.000000,0.000000,0.000000,0.00030000
1,100,5.445945,0.000146,54.9946,0.000000,0.000000,0.000000,0.000000,0.000000,0.00030000
1,101,4.198335,0.000123,48.9113,0.000000,0.000000,0.000000,0.000000,0.000000,0.00030000
1,102,4.612727,0.000103,65.5554,0.000000,0.000000,0.000000,0.000000,0.000000,0.00030000
1,103,6.240853,0.000151,39.2962,0.000000,0.000000,0.000000,0.000000,0.000000,0.00030000
1,104,5.624182,0.000137,41.4310,0.000000,0.000000,0.000000,0.000000,0.000000,0.00030000
1,105,4.265212,0.000123,43.1701,0.000000,0.000000,0.000000,0.000000,0.000000,0.00030000
1,106,6.038712,0.000151,68.1392,0.000000,0.000000,0.000000,0.000000,0.000000,0.00030000
1,107,4.863735,0.000172,60.2771,0.000000,0.000000,0.000000,0.000000,0.000000,0.00030000
1,108,8.381841,0.000170,35.8094,0.000000,0.000000,0.000000,0.000000,0.000000,0.00030000
1,109,5.771734,0.000142,51.4773,0.000000,0.000000,0.000000,0.000000,0.000000,0.00030000
1,110,5.254668,0.000145,40.6583,0.000000,0.000000,0.000000,0.000000,0.000000,0.00030000
1,111,4.467316,0.000150,63.9483,0.000000,0.000000,0.000000,0.000000,0.000000,0.00030000
1,112,5.820187,0.000113,57.6792,0.000000,0.000000,0.000000,0.000000,0.000000,0.00030000
1,113,5.016740,0.000118,41.2350,0.000000,0.000000,0.000000,0.000000,0.000000,0.00030000
1,114,5.244639,0.000113,55.4856,0.000000,0.000000,0.000000,0.000000,0.000000,0.00030000
1,115,4.701423,0.000128,54.2255,0.000000,0.000000,0.000000,0.000000,0.000000,0.00030000
1,116,5.469414,0.000131,42.2039,0.000000,0.000000,0.000000,0.000000,0.000000,0.00030000
1,117,4.494665,0.000138,47.4639,0.000000,0.000000,0.000000,0.000000,0.000000,0.00030000
1,118,4.885125,0.000134,64.3103,0.000000,0.000000,0.000000,0.000000,0.000000,0.00030000
1,119,4.664865,0.000156,41.3285,0.000000,0.000000,0.000000,0.000000,0.000000,0.00030000
1,120,5.721986,0.000158,52.9930,0.000000,0.000000,0.000000,0.000000,0.000000,0.00030000
1,121,5.079011,0.000159,62.4294,0.000000,0.000000,0.000000,0.000000,0.000000,0.00030000
1,122,5.141168,0.000123,62.8236,0.000000,0.000000,0.000000,0.000000,0.000000,0.00030000
1,123,4.959246,0.000138,43.6327,0.000000,0.000000,0.000000,0.000000,0.000000,0.00030000
1,124,6.448650,0.000119,74.5047,0.000000,0.000000,0.000000,0.000000,0.000000,0.00030000
1,125,5.397532,0.000128,39.5114,0.000000,0.000000,0.000000,0.000000,0.000000,0.00030000
1,126,5.197713,0.000167,52.8823,0.000000,0.000000,0.000000,0.000000,0.000000,0.00030000
1,127,6.419206,0.000168,61.6723,0.000000,0.000000,0.000000,0.000000,0.000000,0.00030000
1,128,4.516009,0.000143,41.0829,0.000000,0.000000,0.000000,0.000000,0.000000,0.00030000
1,129,6.901668,0.000156,103.4618,0.000000,0.000000,0.000000,0.000000,0.000000,0.00030000
1,130,5.315877,0.000162,82.7878,0.000000,0.000000,0.000000,0.000000,0.000000,0.00030000
1,131,5.553099,0.000192,60.2777,0.000000,0.000000,0.000000,0.000000,0.000000,0.00030000
1,132,8.119325,0.000111,40.8885,0.000000,0.000000,0.000000,0.000000,0.000000,0.00030000
1,133,5.384833,0.000122,46.9148,0.000000,0.000000,0.000000,0.000000,0.000000,0.00030000
1,134,6.425836,0.000126,40.3152,0.000000,0.000000,0.000000,0.000000,0.000000,0.00030000
1,135,4.891877,0.000130,64.6228,0.000000,0.000000,0.000000,0.000000,0.000000,0.00030000
1,136,4.712993,0.000124,42.8862,0.000000,0.000000,0.000000,0.000000,0.000000,0.00030000
1,137,5.012606,0.000122,41.6558,0.000000,0.000000,0.000000,0.000000,0.000000,0.00030000
1,138,6.096586,0.000120,72.5264,0.000000,0.000000,0.000000,0.000000,0.000000,0.00030000
1,139,4.459567,0.000128,46.6412,0.000000,0.000000,0.000000,0.000000,0.000000,0.00030000
1,140,5.717650,0.000133,50.0762,0.000000,0.000000,0.000000,0.000000,0.000000,0.00030000
1,141,4.923851,0.000121,53.3782,0.000000,0.000000,0.000000,0.000000,0.000000,0.00030000
1,142,4.177295,0.000155,44.7494,0.000000,0.000000,0.000000,0.000000,0.000000,0.00030000
1,143,5.857482,0.000129,81.7483,0.000000,0.000000,0.000000,0.000000,0.000000,0.00030000
1,144,5.021357,0.000144,45.7630,0.000000,0.000000,0.000000,0.000000,0.000000,0.00030000
1,145,6.154968,0.000130,54.4277,0.000000,0.000000,0.000000,0.000000,0.000000,0.00030000
1,146,4.285491,0.000092,41.4226,0.000000,0.000000,0.000000,0.000000,0.000000,0.00030000
1,147,5.563962,0.000115,55.6019,0.000000,0.000000,0.000000,0.000000,0.000000,0.00030000
1,148,5.169817,0.000135,62.1975,0.000000,0.000000,0.000000,0.000000,0.000000,0.00030000
1,149,4.841744,0.000122,46.0952,0.000000,0.000000,0.000000,0.000000,0.000000,0.00030000
1,150,4.641792,0.000118,46.3700,0.000000,0.000000,0.000000,0.000000,0.000000,0.00030000
1,151,4.822130,0.000131,47.1957,0.000000,0.000000,0.000000,0.000000,0.000000,0.00030000
1,152,4.735882,0.000119,60.6285,0.000000,0.000000,0.000000,0.000000,0.000000,0.00030000
1,153,4.726974,0.000149,40.3018,0.000000,0.000000,0.000000,0.000000,0.000000,0.00030000
1,154,4.564818,0.000138,42.9261,0.000000,0.000000,0.000000,0.000000,0.000000,0.00030000
1,155,5.056796,0.000180,73.0971,0.000000,0.000000,0.000000,0.000000,0.000000,0.00030000
1,156,4.906014,0.000196,41.2640,0.000000,0.000000,0.000000,0.000000,0.000000,0.00030000
1,157,6.524440,0.000145,55.9628,0.000000,0.000000,0.000000,0.000000,0.000000,0.00030000
1,158,4.891689,0.000160,48.2688,0.000000,0.000000,0.000000,0.000000,0.000000,0.00030000
1,159,6.824093,0.000188,80.1808,0.000000,0.000000,0.000000,0.000000,0.000000,0.00030000
1,160,5.464037,0.000152,50.2837,0.000000,0.000000,0.000000,0.000000,0.000000,0.00030000
1,161,4.279852,0.000118,41.9047,0.000000,0.000000,0.000000,0.000000,0.000000,0.00030000
1,162,4.730285,0.000124,89.3446,0.000000,0.000000,0.000000,0.000000,0.000000,0.00030000
1,163,4.219929,0.000134,39.1789,0.000000,0.000000,0.000000,0.000000,0.000000,0.00030000
1,164,5.304079,0.000118,81.6216,0.000000,0.000000,0.000000,0.000000,0.000000,0.00030000
1,165,4.159827,0.000122,50.6846,0.000000,0.000000,0.000000,0.000000,0.000000,0.00030000
1,166,5.012354,0.000129,43.1354,0.000000,0.000000,0.000000,0.000000,0.000000,0.00030000
1,167,4.401130,0.000133,47.0339,0.000000,0.000000,0.000000,0.000000,0.000000,0.00030000
1,168,4.681917,0.000147,81.5146,0.000000,0.000000,0.000000,0.000000,0.000000,0.00030000
1,169,4.651649,0.000154,41.7831,0.000000,0.000000,0.000000,0.000000,0.000000,0.00030000
1,170,5.270314,0.000106,82.4210,0.000000,0.000000,0.000000,0.000000,0.000000,0.00030000
1,171,3.946658,0.000115,36.9442,0.000000,0.000000,0.000000,0.000000,0.000000,0.00030000
1,172,5.224631,0.000122,48.1071,0.000000,0.000000,0.000000,0.000000,0.000000,0.00030000
1,173,5.304253,0.000158,63.4664,0.000000,0.000000,0.000000,0.000000,0.000000,0.00030000
1,174,5.606889,0.000176,63.3946,0.000000,0.000000,0.000000,0.000000,0.000000,0.00030000
1,175,5.522421,0.000133,47.5941,0.000000,0.000000,0.000000,0.000000,0.000000,0.00030000
1,176,6.166814,0.000221,39.3369,0.000000,0.000000,0.000000,0.000000,0.000000,0.00030000
1,177,5.268849,0.000119,60.4374,0.000000,0.000000,0.000000,0.000000,0.000000,0.00030000
1,178,4.402859,0.000127,44.6134,0.000000,0.000000,0.000000,0.000000,0.000000,0.00030000
1,179,4.246003,0.000112,56.4238,0.000000,0.000000,0.000000,0.000000,0.000000,0.00030000
1,180,4.061885,0.000110,45.0329,0.000000,0.000000,0.000000,0.000000,0.000000,0.00030000
1,181,5.851512,0.000163,85.9789,0.000000,0.000000,0.000000,0.000000,0.000000,0.00030000
1,182,6.637486,0.000132,68.4063,0.000000,0.000000,0.000000,0.000000,0.000000,0.00030000
1,183,4.313231,0.000150,37.8703,0.000000,0.000000,0.000000,0.000000,0.000000,0.00030000
1,184,5.758754,0.000115,112.3130,0.000000,0.000000,0.000000,0.000000,0.000000,0.00030000
1,185,4.384458,0.000093,98.6647,0.000000,0.000000,0.000000,0.000000,0.000000,0.00030000
1,186,5.785727,0.000153,54.4033,0.000000,0.000000,0.000000,0.000000,0.000000,0.00030000
1,187,5.341228,0.000165,44.0977,0.000000,0.000000,0.000000,0.000000,0.000000,0.00030000
1,188,5.076611,0.000160,57.6856,0.000000,0.000000,0.000000,0.000000,0.000000,0.00030000
1,189,4.580642,0.000147,42.0441,0.000000,0.000000,0.000000,0.000000,0.000000,0.00030000
1,190,5.377941,0.000158,100.0011,0.000000,0.000000,0.000000,0.000000,0.000000,0.00030000
1,191,4.960707,0.000189,68.0660,0.000000,0.000000,0.000000,0.000000,0.000000,0.00030000
1,192,5.593723,0.000145,41.6989,0.000000,0.000000,0.000000,0.000000,0.000000,0.00030000
1,193,5.146809,0.000155,41.9283,0.000000,0.000000,0.000000,0.000000,0.000000,0.00030000
1,194,3.832712,0.000134,35.8989,0.000000,0.000000,0.000000,0.000000,0.000000,0.00030000
1,195,5.447953,0.000118,126.6793,0.000000,0.000000,0.000000,0.000000,0.000000,0.00030000
1,196,6.401010,0.000180,136.2634,0.000000,0.000000,0.000000,0.000000,0.000000,0.00030000
1,197,5.167714,0.000186,134.7874,0.000000,0.000000,0.000000,0.000000,0.000000,0.00030000
1,198,5.827103,0.000180,85.9599,0.000000,0.000000,0.000000,0.000000,0.000000,0.00030000
1,199,4.960411,0.000171,45.8325,0.000000,0.000000,0.000000,0.000000,0.000000,0.00030000
1,200,5.083998,0.000141,66.4517,0.000000,0.000000,0.000000,0.000000,0.000000,0.00030000
1,201,4.857809,0.000172,88.6642,0.000000,0.000000,0.000000,0.000000,0.000000,0.00030000
1,202,5.112883,0.000134,56.8452,0.000000,0.000000,0.000000,0.000000,0.000000,0.00030000
1,203,4.981943,0.000136,50.9027,0.000000,0.000000,0.000000,0.000000,0.000000,0.00030000
1,204,4.226349,0.000116,32.9786,0.000000,0.000000,0.000000,0.000000,0.000000,0.00030000
1,205,5.364159,0.000147,60.0623,0.000000,0.000000,0.000000,0.000000,0.000000,0.00030000
1,206,5.159057,0.000312,38.4603,0.000000,0.000000,0.000000,0.000000,0.000000,0.00030000
1,207,6.337112,0.000232,55.4049,0.000000,0.000000,0.000000,0.000000,0.000000,0.00030000
1,208,6.194290,0.000367,44.7356,0.000000,0.000000,0.000000,0.000000,0.000000,0.00030000
1,209,5.299350,0.000314,40.7141,0.000000,0.000000,0.000000,0.000000,0.000000,0.00030000
1,210,6.859260,0.000218,39.7606,0.000000,0.000000,0.000000,0.000000,0.000000,0.00030000
1,211,7.298464,0.000126,76.8934,0.000000,0.000000,0.000000,0.000000,0.000000,0.00030000
1,212,4.992149,0.000120,57.0341,0.000000,0.000000,0.000000,0.000000,0.000000,0.00030000
1,213,6.235492,0.000125,54.4826,0.000000,0.000000,0.000000,0.000000,0.000000,0.00030000
1,214,4.299937,0.000123,39.2408,0.000000,0.000000,0.000000,0.000000,0.000000,0.00030000
1,215,4.845505,0.000129,100.0989,0.000000,0.000000,0.000000,0.000000,0.000000,0.00030000
1,216,4.447880,0.000127,56.2766,0.000000,0.000000,0.000000,0.000000,0.000000,0.00030000
1,217,4.579703,0.000118,50.7284,0.000000,0.000000,0.000000,0.000000,0.000000,0.00030000
1,218,4.141905,0.000129,37.5138,0.000000,0.000000,0.000000,0.000000,0.000000,0.00030000
1,219,6.975862,0.000213,72.0043,0.000000,0.000000,0.000000,0.000000,0.000000,0.00030000
1,220,5.074212,0.000113,105.7685,0.000000,0.000000,0.000000,0.000000,0.000000,0.00030000
1,221,4.343982,0.000117,39.7946,0.000000,0.000000,0.000000,0.000000,0.000000,0.00030000
1,222,3.909837,0.000113,37.3875,0.000000,0.000000,0.000000,0.000000,0.000000,0.00030000
1,223,4.994849,0.000127,89.4060,0.000000,0.000000,0.000000,0.000000,0.000000,0.00030000
1,224,4.705629,0.000073,29.1481,0.000000,0.000000,0.000000,0.000000,0.000000,0.00030000
2,1,4.908350,0.000169,52.4005,0.000000,0.000000,0.000000,0.000000,0.000000,0.00028858
2,2,4.808491,0.000160,79.3263,0.000000,0.000000,0.000000,0.000000,0.000000,0.00028858
2,3,4.411015,0.000171,44.2369,0.000000,0.000000,0.000000,0.000000,0.000000,0.00028858
2,4,4.746369,0.000172,82.9885,0.000000,0.000000,0.000000,0.000000,0.000000,0.00028858
2,5,4.471862,0.000171,40.1905,0.000000,0.000000,0.000000,0.000000,0.000000,0.00028858
2,6,4.600996,0.000163,94.0110,0.000000,0.000000,0.000000,0.000000,0.000000,0.00028858
2,7,4.406943,0.000172,42.3591,0.000000,0.000000,0.000000,0.000000,0.000000,0.00028858
2,8,4.630297,0.000173,92.9123,0.000000,0.000000,0.000000,0.000000,0.000000,0.00028858
2,9,4.215203,0.000160,39.5283,0.000000,0.000000,0.000000,0.000000,0.000000,0.00028858
2,10,5.418204,0.000138,89.3887,0.000000,0.000000,0.000000,0.000000,0.000000,0.00028858
2,11,3.904831,0.000140,45.0150,0.000000,0.000000,0.000000,0.000000,0.000000,0.00028858
2,12,5.412681,0.000138,43.9491,0.000000,0.000000,0.000000,0.000000,0.000000,0.00028858
2,13,4.668297,0.000136,40.4046,0.000000,0.000000,0.000000,0.000000,0.000000,0.00028858
2,14,4.776538,0.000162,106.4159,0.000000,0.000000,0.000000,0.000000,0.000000,0.00028858
2,15,4.975901,0.000148,85.3340,0.000000,0.000000,0.000000,0.000000,0.000000,0.00028858
2,16,5.052034,0.000132,42.3021,0.000000,0.000000,0.000000,0.000000,0.000000,0.00028858
2,17,3.779319,0.000123,38.7532,0.000000,0.000000,0.000000,0.000000,0.000000,0.00028858
2,18,5.268651,0.000129,79.9012,0.000000,0.000000,0.000000,0.000000,0.000000,0.00028858
2,19,4.192594,0.000140,54.8973,0.000000,0.000000,0.000000,0.000000,0.000000,0.00028858
2,20,4.483690,0.000157,43.0299,0.000000,0.000000,0.000000,0.000000,0.000000,0.00028858
2,21,4.543377,0.000148,50.0766,0.000000,0.000000,0.000000,0.000000,0.000000,0.00028858
2,22,4.115618,0.000149,41.9784,0.000000,0.000000,0.000000,0.000000,0.000000,0.00028858
2,23,4.472146,0.000155,70.2063,0.000000,0.000000,0.000000,0.000000,0.000000,0.00028858
2,24,4.330433,0.000173,38.1972,0.000000,0.000000,0.000000,0.000000,0.000000,0.00028858
2,25,5.156046,0.000146,96.4335,0.000000,0.000000,0.000000,0.000000,0.000000,0.00028858
2,26,4.500628,0.000152,99.8654,0.000000,0.000000,0.000000,0.000000,0.000000,0.00028858
2,27,3.967128,0.000134,34.1827,0.000000,0.000000,0.000000,0.000000,0.000000,0.00028858
2,28,4.053715,0.000122,47.9666,0.000000,0.000000,0.000000,0.000000,0.000000,0.00028858
2,29,5.243947,0.000105,87.3350,0.000000,0.000000,0.000000,0.000000,0.000000,0.00028858
2,30,4.954838,0.000143,50.6461,0.000000,0.000000,0.000000,0.000000,0.000000,0.00028858
2,31,4.322420,0.000136,39.9695,0.000000,0.000000,0.000000,0.000000,0.000000,0.00028858
2,32,4.960404,0.000143,79.1861,0.000000,0.000000,0.000000,0.000000,0.000000,0.00028858
2,33,4.008234,0.000150,39.0415,0.000000,0.000000,0.000000,0.000000,0.000000,0.00028858
2,34,5.078480,0.000153,87.8666,0.000000,0.000000,0.000000,0.000000,0.000000,0.00028858
2,35,4.058008,0.000128,48.2206,0.000000,0.000000,0.000000,0.000000,0.000000,0.00028858
2,36,5.064284,0.000149,60.6131,0.000000,0.000000,0.000000,0.000000,0.000000,0.00028858
2,37,3.929405,0.000132,43.6325,0.000000,0.000000,0.000000,0.000000,0.000000,0.00028858
2,38,5.104373,0.000135,86.5666,0.000000,0.000000,0.000000,0.000000,0.000000,0.00028858
2,39,4.351431,0.000127,87.2133,0.000000,0.000000,0.000000,0.000000,0.000000,0.00028858
2,40,4.775270,0.000139,54.6865,0.000000,0.000000,0.000000,0.000000,0.000000,0.00028858
2,41,4.530225,0.000137,39.7982,0.000000,0.000000,0.000000,0.000000,0.000000,0.00028858
2,42,4.152917,0.000137,53.9076,0.000000,0.000000,0.000000,0.000000,0.000000,0.00028858
2,43,4.390644,0.000150,48.5649,0.000000,0.000000,0.000000,0.000000,0.000000,0.00028858
2,44,5.160062,0.000197,45.9093,0.000000,0.000000,0.000000,0.000000,0.000000,0.00028858
2,45,4.220562,0.000191,40.9923,0.000000,0.000000,0.000000,0.000000,0.000000,0.00028858
2,46,3.690602,0.000144,65.0514,0.000000,0.000000,0.000000,0.000000,0.000000,0.00028858
2,47,4.707584,0.000172,39.8805,0.000000,0.000000,0.000000,0.000000,0.000000,0.00028858
2,48,4.457631,0.000181,47.6795,0.000000,0.000000,0.000000,0.000000,0.000000,0.00028858
2,49,5.115436,0.000147,84.9570,0.000000,0.000000,0.000000,0.000000,0.000000,0.00028858
2,50,4.639101,0.000147,75.2651,0.000000,0.000000,0.000000,0.000000,0.000000,0.00028858
2,51,4.535735,0.000160,38.2231,0.000000,0.000000,0.000000,0.000000,0.000000,0.00028858
2,52,3.952655,0.000162,34.8202,0.000000,0.000000,0.000000,0.000000,0.000000,0.00028858
2,53,5.499039,0.000194,76.7368,0.000000,0.000000,0.000000,0.000000,0.000000,0.00028858
2,54,8.028687,0.000130,95.8564,0.000000,0.000000,0.000000,0.000000,0.000000,0.00028858
2,55,5.644630,0.000131,48.5997,0.000000,0.000000,0.000000,0.000000,0.000000,0.00028858
2,56,3.847245,0.000105,38.0176,0.000000,0.000000,0.000000,0.000000,0.000000,0.00028858
2,57,5.470177,0.000129,61.1250,0.000000,0.000000,0.000000,0.000000,0.000000,0.00028858
2,58,5.150451,0.000153,33.8368,0.000000,0.000000,0.000000,0.000000,0.000000,0.00028858
2,59,5.800223,0.000208,57.6252,0.000000,0.000000,0.000000,0.000000,0.000000,0.00028858
2,60,4.199243,0.000173,42.9394,0.000000,0.000000,0.000000,0.000000,0.000000,0.00028858
2,61,5.456106,0.000146,42.2898,0.000000,0.000000,0.000000,0.000000,0.000000,0.00028858
2,62,3.658709,0.000132,34.9627,0.000000,0.000000,0.000000,0.000000,0.000000,0.00028858
2,63,5.063367,0.000145,99.1059,0.000000,0.000000,0.000000,0.000000,0.000000,0.00028858
2,64,3.976117,0.000108,40.9672,0.000000,0.000000,0.000000,0.000000,0.000000,0.00028858
2,65,4.650160,0.000112,34.9299,0.000000,0.000000,0.000000,0.000000,0.000000,0.00028858
2,66,4.131361,0.000119,40.8803,0.000000,0.000000,0.000000,0.000000,0.000000,0.00028858
2,67,4.242249,0.000121,50.0440,0.000000,0.000000,0.000000,0.000000,0.000000,0.00028858
2,68,4.871576,0.000139,49.0213,0.000000,0.000000,0.000000,0.000000,0.000000,0.00028858
2,69,5.432567,0.000131,64.6135,0.000000,0.000000,0.000000,0.000000,0.000000,0.00028858
2,70,3.817246,0.000136,35.7546,0.000000,0.000000,0.000000,0.000000,0.000000,0.00028858
2,71,5.912663,0.000136,83.6002,0.000000,0.000000,0.000000,0.000000,0.000000,0.00028858
2,72,4.173666,0.000125,57.9976,0.000000,0.000000,0.000000,0.000000,0.000000,0.00028858
2,73,4.346622,0.000142,36.5630,0.000000,0.000000,0.000000,0.000000,0.000000,0.00028858
2,74,4.428711,0.000134,60.2076,0.000000,0.000000,0.000000,0.000000,0.000000,0.00028858
2,75,3.680126,0.000120,38.9303,0.000000,0.000000,0.000000,0.000000,0.000000,0.00028858
2,76,4.744434,0.000151,52.1903,0.000000,0.000000,0.000000,0.000000,0.000000,0.00028858
2,77,3.555821,0.000129,37.3034,0.000000,0.000000,0.000000,0.000000,0.000000,0.00028858
2,78,4.704981,0.000100,89.7459,0.000000,0.000000,0.000000,0.000000,0.000000,0.00028858
2,79,3.943091,0.000109,56.8353,0.000000,0.000000,0.000000,0.000000,0.000000,0.00028858
2,80,4.433832,0.000109,51.8066,0.000000,0.000000,0.000000,0.000000,0.000000,0.00028858
2,81,4.041439,0.000157,39.7930,0.000000,0.000000,0.000000,0.000000,0.000000,0.00028858
2,82,4.567737,0.000146,110.5108,0.000000,0.000000,0.000000,0.000000,0.000000,0.00028858
2,83,4.650189,0.000151,92.5958,0.000000,0.000000,0.000000,0.000000,0.000000,0.00028858
2,84,4.195963,0.000124,34.7502,0.000000,0.000000,0.000000,0.000000,0.000000,0.00028858
2,85,3.866036,0.000141,42.4118,0.000000,0.000000,0.000000,0.000000,0.000000,0.00028858
2,86,4.690022,0.000151,84.6431,0.000000,0.000000,0.000000,0.000000,0.000000,0.00028858
2,87,3.919910,0.000131,63.0633,0.000000,0.000000,0.000000,0.000000,0.000000,0.00028858
2,88,4.293281,0.000143,37.9703,0.000000,0.000000,0.000000,0.000000,0.000000,0.00028858
2,89,4.307024,0.000140,44.9207,0.000000,0.000000,0.000000,0.000000,0.000000,0.00028858
2,90,3.951719,0.000136,63.3666,0.000000,0.000000,0.000000,0.000000,0.000000,0.00028858
2,91,4.476206,0.000138,43.0439,0.000000,0.000000,0.000000,0.000000,0.000000,0.00028858
2,92,4.889257,0.000164,26.9647,0.000000,0.000000,0.000000,0.000000,0.000000,0.00028858
2,93,4.170144,0.000109,62.1332,0.000000,0.000000,0.000000,0.000000,0.000000,0.00028858
2,94,3.975091,0.000142,42.5882,0.000000,0.000000,0.000000,0.000000,0.000000,0.00028858
2,95,4.169589,0.000128,44.4918,0.000000,0.000000,0.000000,0.000000,0.000000,0.00028858
2,96,3.104105,0.000107,39.2429,0.000000,0.000000,0.000000,0.000000,0.000000,0.00028858
2,97,5.296601,0.000180,34.4590,0.000000,0.000000,0.000000,0.000000,0.000000,0.00028858
2,98,4.310784,0.000138,44.8774,0.000000,0.000000,0.000000,0.000000,0.000000,0.00028858
2,99,4.224679,0.000130,52.9141,0.000000,0.000000,0.000000,0.000000,0.000000,0.00028858
2,100,4.132063,0.000148,51.3273,0.000000,0.000000,0.000000,0.000000,0.000000,0.00028858
2,101,3.907984,0.000122,49.8517,0.000000,0.000000,0.000000,0.000000,0.000000,0.00028858
2,102,3.188747,0.000104,28.8350,0.000000,0.000000,0.000000,0.000000,0.000000,0.00028858
2,103,6.125882,0.000151,73.0087,0.000000,0.000000,0.000000,0.000000,0.000000,0.00028858
2,104,4.028698,0.000136,47.0534,0.000000,0.000000,0.000000,0.000000,0.000000,0.00028858
2,105,3.821245,0.000124,55.2384,0.000000,0.000000,0.000000,0.000000,0.000000,0.00028858
2,106,4.070224,0.000151,35.2055,0.000000,0.000000,0.000000,0.000000,0.000000,0.00028858
2,107,5.234826,0.000163,50.3672,0.000000,0.000000,0.000000,0.000000,0.000000,0.00028858
2,108,5.633451,0.000173,74.9130,0.000000,0.000000,0.000000,0.000000,0.000000,0.00028858
2,109,4.617791,0.000141,40.9222,0.000000,0.000000,0.000000,0.000000,0.000000,0.00028858
2,110,4.290266,0.000145,51.3316,0.000000,0.000000,0.000000,0.000000,0.000000,0.00028858
2,111,3.414862,0.000150,43.7895,0.000000,0.000000,0.000000,0.000000,0.000000,0.00028858
2,112,4.922266,0.000112,63.6286,0.000000,0.000000,0.000000,0.000000,0.000000,0.00028858
2,113,4.642247,0.000117,63.1865,0.000000,0.000000,0.000000,0.000000,0.000000,0.00028858
2,114,3.446523,0.000116,42.9763,0.000000,0.000000,0.000000,0.000000,0.000000,0.00028858
2,115,3.983807,0.000128,61.3056,0.000000,0.000000,0.000000,0.000000,0.000000,0.00028858
2,116,3.660129,0.000131,29.1551,0.000000,0.000000,0.000000,0.000000,0.000000,0.00028858
2,117,4.512850,0.000137,90.7115,0.000000,0.000000,0.000000,0.000000,0.000000,0.00028858
2,118,3.804791,0.000134,35.1882,0.000000,0.000000,0.000000,0.000000,0.000000,0.00028858
2,119,4.419566,0.000156,35.6570,0.000000,0.000000,0.000000,0.000000,0.000000,0.00028858
2,120,4.004120,0.000157,53.1516,0.000000,0.000000,0.000000,0.000000,0.000000,0.00028858
2,121,4.737971,0.000159,67.2709,0.000000,0.000000,0.000000,0.000000,0.000000,0.00028858
2,122,3.951074,0.000123,46.6350,0.000000,0.000000,0.000000,0.000000,0.000000,0.00028858
2,123,4.281316,0.000139,57.3065,0.000000,0.000000,0.000000,0.000000,0.000000,0.00028858
2,124,4.677014,0.000120,45.0954,0.000000,0.000000,0.000000,0.000000,0.000000,0.00028858
2,125,4.373300,0.000128,46.9033,0.000000,0.000000,0.000000,0.000000,0.000000,0.00028858
2,126,4.567221,0.000165,42.8254,0.000000,0.000000,0.000000,0.000000,0.000000,0.00028858
2,127,3.807947,0.000169,41.0387,0.000000,0.000000,0.000000,0.000000,0.000000,0.00028858
2,128,4.299217,0.000144,45.6552,0.000000,0.000000,0.000000,0.000000,0.000000,0.00028858
2,129,4.005981,0.000157,42.2985,0.000000,0.000000,0.000000,0.000000,0.000000,0.00028858
2,130,4.262806,0.000161,77.3576,0.000000,0.000000,0.000000,0.000000,0.000000,0.00028858
2,131,3.993793,0.000191,35.9497,0.000000,0.000000,0.000000,0.000000,0.000000,0.00028858
2,132,5.503564,0.000112,72.8322,0.000000,0.000000,0.000000,0.000000,0.000000,0.00028858
2,133,5.473723,0.000123,51.3043,0.000000,0.000000,0.000000,0.000000,0.000000,0.00028858
2,134,3.588774,0.000127,34.2524,0.000000,0.000000,0.000000,0.000000,0.000000,0.00028858
2,135,4.610453,0.000130,103.5387,0.000000,0.000000,0.000000,0.000000,0.000000,0.00028858
2,136,3.753246,0.000124,84.2774,0.000000,0.000000,0.000000,0.000000,0.000000,0.00028858
2,137,4.461605,0.000124,38.6371,0.000000,0.000000,0.000000,0.000000,0.000000,0.00028858
2,138,3.743742,0.000120,36.4484,0.000000,0.000000,0.000000,0.000000,0.000000,0.00028858
2,139,4.860123,0.000127,82.3602,0.000000,0.000000,0.000000,0.000000,0.000000,0.00028858
2,140,3.958027,0.000132,35.6473,0.000000,0.000000,0.000000,0.000000,0.000000,0.00028858
2,141,3.924822,0.000120,50.9630,0.000000,0.000000,0.000000,0.000000,0.000000,0.00028858
2,142,3.594974,0.000155,50.1385,0.000000,0.000000,0.000000,0.000000,0.000000,0.00028858
2,143,3.938038,0.000129,59.4252,0.000000,0.000000,0.000000,0.000000,0.000000,0.00028858
2,144,3.838720,0.000143,31.2500,0.000000,0.000000,0.000000,0.000000,0.000000,0.00028858
2,145,3.795444,0.000130,81.8120,0.000000,0.000000,0.000000,0.000000,0.000000,0.00028858
2,146,4.460869,0.000097,38.9231,0.000000,0.000000,0.000000,0.000000,0.000000,0.00028858
2,147,3.852703,0.000116,36.7371,0.000000,0.000000,0.000000,0.000000,0.000000,0.00028858
2,148,3.761684,0.000133,60.3902,0.000000,0.000000,0.000000,0.000000,0.000000,0.00028858
2,149,3.186400,0.000121,42.7022,0.000000,0.000000,0.000000,0.000000,0.000000,0.00028858
2,150,3.915331,0.000118,50.3117,0.000000,0.000000,0.000000,0.000000,0.000000,0.00028858
2,151,3.394196,0.000133,40.9097,0.000000,0.000000,0.000000,0.000000,0.000000,0.00028858
2,152,4.632246,0.000120,83.3143,0.000000,0.000000,0.000000,0.000000,0.000000,0.00028858
2,153,3.624828,0.000148,43.7576,0.000000,0.000000,0.000000,0.000000,0.000000,0.00028858
2,154,5.010475,0.000140,62.6883,0.000000,0.000000,0.000000,0.000000,0.000000,0.00028858
2,155,3.947309,0.000168,52.1548,0.000000,0.000000,0.000000,0.000000,0.000000,0.00028858
2,156,4.822429,0.000190,94.5181,0.000000,0.000000,0.000000,0.000000,0.000000,0.00028858
2,157,4.194753,0.000146,47.0161,0.000000,0.000000,0.000000,0.000000,0.000000,0.00028858
2,158,4.094622,0.000158,57.8074,0.000000,0.000000,0.000000,0.000000,0.000000,0.00028858
2,159,4.616531,0.000197,62.2925,0.000000,0.000000,0.000000,0.000000,0.000000,0.00028858
2,160,5.135782,0.000153,30.5929,0.000000,0.000000,0.000000,0.000000,0.000000,0.00028858
2,161,3.782415,0.000117,69.7359,0.000000,0.000000,0.000000,0.000000,0.000000,0.00028858
2,162,4.180011,0.000123,38.0802,0.000000,0.000000,0.000000,0.000000,0.000000,0.00028858
2,163,3.526268,0.000137,34.1176,0.000000,0.000000,0.000000,0.000000,0.000000,0.00028858
2,164,4.331360,0.000117,83.0665,0.000000,0.000000,0.000000,0.000000,0.000000,0.00028858
2,165,3.819211,0.000123,45.1544,0.000000,0.000000,0.000000,0.000000,0.000000,0.00028858
2,166,4.869508,0.000129,50.0783,0.000000,0.000000,0.000000,0.000000,0.000000,0.00028858
2,167,3.595151,0.000133,33.0092,0.000000,0.000000,0.000000,0.000000,0.000000,0.00028858
2,168,4.056236,0.000147,90.8644,0.000000,0.000000,0.000000,0.000000,0.000000,0.00028858
2,169,4.036578,0.000155,36.8768,0.000000,0.000000,0.000000,0.000000,0.000000,0.00028858
2,170,4.261490,0.000105,38.8879,0.000000,0.000000,0.000000,0.000000,0.000000,0.00028858
2,171,3.307429,0.000118,42.3515,0.000000,0.000000,0.000000,0.000000,0.000000,0.00028858
2,172,4.483004,0.000122,70.4241,0.000000,0.000000,0.000000,0.000000,0.000000,0.00028858
2,173,4.231798,0.000158,36.8982,0.000000,0.000000,0.000000,0.000000,0.000000,0.00028858
2,174,5.597840,0.000173,51.9658,0.000000,0.000000,0.000000,0.000000,0.000000,0.00028858
2,175,3.715080,0.000133,37.1848,0.000000,0.000000,0.000000,0.000000,0.000000,0.00028858
2,176,4.787804,0.000219,74.4128,0.000000,0.000000,0.000000,0.000000,0.000000,0.00028858
2,177,4.605286,0.000120,44.0671,0.000000,0.000000,0.000000,0.000000,0.000000,0.00028858
2,178,3.797077,0.000126,42.3884,0.000000,0.000000,0.000000,0.000000,0.000000,0.00028858
2,179,3.340517,0.000112,39.5639,0.000000,0.000000,0.000000,0.000000,0.000000,0.00028858
2,180,3.744516,0.000109,48.0463,0.000000,0.000000,0.000000,0.000000,0.000000,0.00028858
2,181,5.166739,0.000164,49.9762,0.000000,0.000000,0.000000,0.000000,0.000000,0.00028858
2,182,4.118457,0.000134,62.2169,0.000000,0.000000,0.000000,0.000000,0.000000,0.00028858
2,183,4.235227,0.000150,62.0743,0.000000,0.000000,0.000000,0.000000,0.000000,0.00028858
2,184,4.761733,0.000114,45.5601,0.000000,0.000000,0.000000,0.000000,0.000000,0.00028858
2,185,3.232995,0.000086,50.5869,0.000000,0.000000,0.000000,0.000000,0.000000,0.00028858
2,186,4.351280,0.000152,76.0608,0.000000,0.000000,0.000000,0.000000,0.000000,0.00028858
2,187,4.144386,0.000168,37.4144,0.000000,0.000000,0.000000,0.000000,0.000000,0.00028858
2,188,5.325287,0.000160,66.1904,0.000000,0.000000,0.000000,0.000000,0.000000,0.00028858
2,189,3.688719,0.000147,42.7242,0.000000,0.000000,0.000000,0.000000,0.000000,0.00028858
2,190,4.361958,0.000158,61.0513,0.000000,0.000000,0.000000,0.000000,0.000000,0.00028858
2,191,4.339068,0.000189,38.4832,0.000000,0.000000,0.000000,0.000000,0.000000,0.00028858
2,192,4.488922,0.000146,78.7479,0.000000,0.000000,0.000000,0.000000,0.000000,0.00028858
2,193,3.402867,0.000154,36.9510,0.000000,0.000000,0.000000,0.000000,0.000000,0.00028858
2,194,3.856395,0.000132,67.1118,0.000000,0.000000,0.000000,0.000000,0.000000,0.00028858
2,195,3.279365,0.000116,35.0905,0.000000,0.000000,0.000000,0.000000,0.000000,0.00028858
2,196,5.290222,0.000182,41.9991,0.000000,0.000000,0.000000,0.000000,0.000000,0.00028858
2,197,4.597363,0.000184,54.3242,0.000000,0.000000,0.000000,0.000000,0.000000,0.00028858
2,198,4.493127,0.000179,41.1784,0.000000,0.000000,0.000000,0.000000,0.000000,0.00028858
2,199,4.006838,0.000172,64.1401,0.000000,0.000000,0.000000,0.000000,0.000000,0.00028858
2,200,4.269728,0.000141,32.7033,0.000000,0.000000,0.000000,0.000000,0.000000,0.00028858
2,201,3.846182,0.000173,30.5813,0.000000,0.000000,0.000000,0.000000,0.000000,0.00028858
2,202,4.351333,0.000134,84.2076,0.000000,0.000000,0.000000,0.000000,0.000000,0.00028858
2,203,3.988338,0.000135,47.8354,0.000000,0.000000,0.000000,0.000000,0.000000,0.00028858
2,204,4.264767,0.000117,51.3102,0.000000,0.000000,0.000000,0.000000,0.000000,0.00028858
2,205,3.505905,0.000145,32.9839,0.000000,0.000000,0.000000,0.000000,0.000000,0.00028858
2,206,5.153619,0.000317,106.2953,0.000000,0.000000,0.000000,0.000000,0.000000,0.00028858
2,207,4.430850,0.000231,42.7881,0.000000,0.000000,0.000000,0.000000,0.000000,0.00028858
2,208,5.254086,0.000362,43.8179,0.000000,0.000000,0.000000,0.000000,0.000000,0.00028858
2,209,5.307343,0.000308,42.1446,0.000000,0.000000,0.000000,0.000000,0.000000,0.00028858
2,210,4.394487,0.000218,49.1956,0.000000,0.000000,0.000000,0.000000,0.000000,0.00028858
2,211,5.591146,0.000125,89.3805,0.000000,0.000000,0.000000,0.000000,0.000000,0.00028858
2,212,4.513490,0.000118,30.6741,0.000000,0.000000,0.000000,0.000000,0.000000,0.00028858
2,213,3.678638,0.000128,37.3991,0.000000,0.000000,0.000000,0.000000,0.000000,0.00028858
2,214,4.390280,0.000123,82.0254,0.000000,0.000000,0.000000,0.000000,0.000000,0.00028858
2,215,4.020067,0.000128,57.5016,0.000000,0.000000,0.000000,0.000000,0.000000,0.00028858
2,216,3.875466,0.000128,35.0321,0.000000,0.000000,0.000000,0.000000,0.000000,0.00028858
2,217,3.284132,0.000118,28.1306,0.000000,0.000000,0.000000,0.000000,0.000000,0.00028858
2,218,3.448791,0.000127,108.4459,0.000000,0.000000,0.000000,0.000000,0.000000,0.00028858
2,219,5.498191,0.000211,96.9195,0.000000,0.000000,0.000000,0.000000,0.000000,0.00028858
2,220,4.291596,0.000114,48.5814,0.000000,0.000000,0.000000,0.000000,0.000000,0.00028858
2,221,3.612964,0.000117,51.0666,0.000000,0.000000,0.000000,0.000000,0.000000,0.00028858
2,222,4.552987,0.000112,58.4845,0.000000,0.000000,0.000000,0.000000,0.000000,0.00028858
2,223,3.829225,0.000126,47.1780,0.000000,0.000000,0.000000,0.000000,0.000000,0.00028858
2,224,3.952647,0.000069,54.0210,0.000000,0.000000,0.000000,0.000000,0.000000,0.00028858
3,1,4.320683,0.000169,60.7652,0.000000,0.000000,0.000000,0.000000,0.000000,0.00025607
3,2,4.278052,0.000161,56.1534,0.000000,0.000000,0.000000,0.000000,0.000000,0.00025607
3,3,3.687250,0.000169,35.0913,0.000000,0.000000,0.000000,0.000000,0.000000,0.00025607
3,4,4.424556,0.000171,98.5669,0.000000,0.000000,0.000000,0.000000,0.000000,0.00025607
3,5,4.150499,0.000170,90.5117,0.000000,0.000000,0.000000,0.000000,0.000000,0.00025607
3,6,3.707234,0.000163,34.2696,0.000000,0.000000,0.000000,0.000000,0.000000,0.00025607
3,7,3.906800,0.000170,41.6886,0.000000,0.000000,0.000000,0.000000,0.000000,0.00025607
3,8,3.635780,0.000173,57.4773,0.000000,0.000000,0.000000,0.000000,0.000000,0.00025607
3,9,3.405683,0.000164,36.6423,0.000000,0.000000,0.000000,0.000000,0.000000,0.00025607
3,10,3.511836,0.000136,63.2318,0.000000,0.000000,0.000000,0.000000,0.000000,0.00025607
3,11,3.452771,0.000140,35.0153,0.000000,0.000000,0.000000,0.000000,0.000000,0.00025607
3,12,3.536041,0.000139,48.5137,0.000000,0.000000,0.000000,0.000000,0.000000,0.00025607
3,13,3.510803,0.000137,40.4802,0.000000,0.000000,0.000000,0.000000,0.000000,0.00025607
3,14,3.977005,0.000171,39.1471,0.000000,0.000000,0.000000,0.000000,0.000000,0.00025607
3,15,3.903657,0.000149,43.7918,0.000000,0.000000,0.000000,0.000000,0.000000,0.00025607
3,16,3.959874,0.000130,39.8083,0.000000,0.000000,0.000000,0.000000,0.000000,0.00025607
3,17,3.199561,0.000123,26.6623,0.000000,0.000000,0.000000,0.000000,0.000000,0.00025607
3,18,4.524460,0.000131,83.0825,0.000000,0.000000,0.000000,0.000000,0.000000,0.00025607
3,19,3.451536,0.000141,39.4567,0.000000,0.000000,0.000000,0.000000,0.000000,0.00025607
3,20,4.107193,0.000154,38.4548,0.000000,0.000000,0.000000,0.000000,0.000000,0.00025607
3,21,3.540030,0.000149,31.1220,0.000000,0.000000,0.000000,0.000000,0.000000,0.00025607
3,22,3.440856,0.000151,51.6218,0.000000,0.000000,0.000000,0.000000,0.000000,0.00025607
3,23,3.790261,0.000154,37.6642,0.000000,0.000000,0.000000,0.000000,0.000000,0.00025607
3,24,3.466343,0.000172,42.2600,0.000000,0.000000,0.000000,0.000000,0.000000,0.00025607
3,25,4.001678,0.000146,89.5926,0.000000,0.000000,0.000000,0.000000,0.000000,0.00025607
3,26,3.218566,0.000153,29.6079,0.000000,0.000000,0.000000,0.000000,0.000000,0.00025607
3,27,4.098017,0.000136,34.3104,0.000000,0.000000,0.000000,0.000000,0.000000,0.00025607
3,28,3.157254,0.000124,30.5802,0.000000,0.000000,0.000000,0.000000,0.000000,0.00025607
3,29,4.722943,0.000112,133.0496,0.000000,0.000000,0.000000,0.000000,0.000000,0.00025607
3,30,4.616911,0.000143,108.4945,0.000000,0.000000,0.000000,0.000000,0.000000,0.00025607
3,31,3.710983,0.000136,73.3279,0.000000,0.000000,0.000000,0.000000,0.000000,0.00025607
3,32,4.045299,0.000143,42.1355,0.000000,0.000000,0.000000,0.000000,0.000000,0.00025607
3,33,3.381464,0.000151,38.4491,0.000000,0.000000,0.000000,0.000000,0.000000,0.00025607
3,34,3.977396,0.000154,93.2423,0.000000,0.000000,0.000000,0.000000,0.000000,0.00025607
3,35,3.434117,0.000130,66.6104,0.000000,0.000000,0.000000,0.000000,0.000000,0.00025607
3,36,4.336182,0.000147,38.6816,0.000000,0.000000,0.000000,0.000000,0.000000,0.00025607
3,37,3.841253,0.000133,32.9846,0.000000,0.000000,0.000000,0.000000,0.000000,0.00025607
3,38,3.337067,0.000133,76.0115,0.000000,0.000000,0.000000,0.000000,0.000000,0.00025607
3,39,3.002515,0.000126,27.0012,0.000000,0.000000,0.000000,0.000000,0.000000,0.00025607
3,40,5.126959,0.000140,40.1740,0.000000,0.000000,0.000000,0.000000,0.000000,0.00025607
3,41,3.509171,0.000138,48.1105,0.000000,0.000000,0.000000,0.000000,0.000000,0.00025607
3,42,3.751168,0.000138,56.3238,0.000000,0.000000,0.000000,0.000000,0.000000,0.00025607
3,43,3.414700,0.000151,34.9547,0.000000,0.000000,0.000000,0.000000,0.000000,0.00025607
3,44,4.696002,0.000194,69.3201,0.000000,0.000000,0.000000,0.000000,0.000000,0.00025607
3,45,4.256996,0.000191,38.6496,0.000000,0.000000,0.000000,0.000000,0.000000,0.00025607
3,46,3.771905,0.000140,41.8707,0.000000,0.000000,0.000000,0.000000,0.000000,0.00025607
3,47,3.523223,0.000175,35.6180,0.000000,0.000000,0.000000,0.000000,0.000000,0.00025607
3,48,3.986114,0.000182,64.3403,0.000000,0.000000,0.000000,0.000000,0.000000,0.00025607
3,49,4.442512,0.000147,51.8863,0.000000,0.000000,0.000000,0.000000,0.000000,0.00025607
3,50,3.858191,0.000145,42.7979,0.000000,0.000000,0.000000,0.000000,0.000000,0.00025607
3,51,3.833698,0.000162,53.9337,0.000000,0.000000,0.000000,0.000000,0.000000,0.00025607
3,52,3.742646,0.000161,48.0877,0.000000,0.000000,0.000000,0.000000,0.000000,0.00025607
3,53,4.477671,0.000191,26.0744,0.000000,0.000000,0.000000,0.000000,0.000000,0.00025607
3,54,5.333519,0.000132,46.7540,0.000000,0.000000,0.000000,0.000000,0.000000,0.00025607
3,55,5.102909,0.000133,33.0560,0.000000,0.000000,0.000000,0.000000,0.000000,0.00025607
3,56,3.292097,0.000104,31.8127,0.000000,0.000000,0.000000,0.000000,0.000000,0.00025607
3,57,4.476393,0.000128,71.6312,0.000000,0.000000,0.000000,0.000000,0.000000,0.00025607
3,58,4.482395,0.000155,41.4843,0.000000,0.000000,0.000000,0.000000,0.000000,0.00025607
3,59,5.022840,0.000206,51.2009,0.000000,0.000000,0.000000,0.000000,0.000000,0.00025607
3,60,3.502153,0.000175,33.1793,0.000000,0.000000,0.000000,0.000000,0.000000,0.00025607
3,61,4.107433,0.000145,27.7515,0.000000,0.000000,0.000000,0.000000,0.000000,0.00025607
3,62,3.410182,0.000130,45.4992,0.000000,0.000000,0.000000,0.000000,0.000000,0.00025607
3,63,3.340770,0.000148,26.4100,0.000000,0.000000,0.000000,0.000000,0.000000,0.00025607
3,64,3.606419,0.000109,56.8902,0.000000,0.000000,0.000000,0.000000,0.000000,0.00025607
3,65,4.251355,0.000114,43.1422,0.000000,0.000000,0.000000,0.000000,0.000000,0.00025607
3,66,3.228316,0.000119,32.1221,0.000000,0.000000,0.000000,0.000000,0.000000,0.00025607
3,67,4.133249,0.000121,89.7336,0.000000,0.000000,0.000000,0.000000,0.000000,0.00025607
3,68,3.944457,0.000133,44.6143,0.000000,0.000000,0.000000,0.000000,0.000000,0.00025607
3,69,4.294265,0.000133,36.3066,0.000000,0.000000,0.000000,0.000000,0.000000,0.00025607
3,70,3.570432,0.000137,30.4172,0.000000,0.000000,0.000000,0.000000,0.000000,0.00025607
3,71,4.317336,0.000135,71.1839,0.000000,0.000000,0.000000,0.000000,0.000000,0.00025607
3,72,3.344899,0.000126,34.0365,0.000000,0.000000,0.000000,0.000000,0.000000,0.00025607
3,73,3.714419,0.000145,35.3466,0.000000,0.000000,0.000000,0.000000,0.000000,0.00025607
3,74,3.778321,0.000135,31.6246,0.000000,0.000000,0.000000,0.000000,0.000000,0.00025607
3,75,3.172547,0.000121,67.8167,0.000000,0.000000,0.000000,0.000000,0.000000,0.00025607
3,76,3.788703,0.000151,37.7561,0.000000,0.000000,0.000000,0.000000,0.000000,0.00025607
3,77,3.284484,0.000127,30.9487,0.000000,0.000000,0.000000,0.000000,0.000000,0.00025607
3,78,3.088549,0.000099,74.2253,0.000000,0.000000,0.000000,0.000000,0.000000,0.00025607
3,79,2.996168,0.000109,21.8794,0.000000,0.000000,0.000000,0.000000,0.000000,0.00025607
3,80,3.527232,0.000111,87.1765,0.000000,0.000000,0.000000,0.000000,0.000000,0.00025607
3,81,3.588123,0.000159,27.8117,0.000000,0.000000,0.000000,0.000000,0.000000,0.00025607
3,82,4.115386,0.000146,61.2350,0.000000,0.000000,0.000000,0.000000,0.000000,0.00025607
3,83,3.679828,0.000151,30.8823,0.000000,0.000000,0.000000,0.000000,0.000000,0.00025607
3,84,3.568769,0.000126,63.0976,0.000000,0.000000,0.000000,0.000000,0.000000,0.00025607
3,85,3.470585,0.000142,29.8704,0.000000,0.000000,0.000000,0.000000,0.000000,0.00025607
3,86,3.348536,0.000150,30.9352,0.000000,0.000000,0.000000,0.000000,0.000000,0.00025607
3,87,3.071709,0.000129,43.3971,0.000000,0.000000,0.000000,0.000000,0.000000,0.00025607
3,88,3.746693,0.000138,48.4079,0.000000,0.000000,0.000000,0.000000,0.000000,0.00025607
3,89,3.238656,0.000139,28.3983,0.000000,0.000000,0.000000,0.000000,0.000000,0.00025607
3,90,3.709529,0.000135,80.4634,0.000000,0.000000,0.000000,0.000000,0.000000,0.00025607
3,91,3.856571,0.000138,49.1341,0.000000,0.000000,0.000000,0.000000,0.000000,0.00025607
3,92,4.448296,0.000158,50.2189,0.000000,0.000000,0.000000,0.000000,0.000000,0.00025607
3,93,3.536652,0.000111,25.3569,0.000000,0.000000,0.000000,0.000000,0.000000,0.00025607
3,94,3.596638,0.000141,85.7600,0.000000,0.000000,0.000000,0.000000,0.000000,0.00025607
3,95,3.372120,0.000126,45.8850,0.000000,0.000000,0.000000,0.000000,0.000000,0.00025607
3,96,3.029041,0.000108,26.4582,0.000000,0.000000,0.000000,0.000000,0.000000,0.00025607
3,97,4.643198,0.000180,46.5983,0.000000,0.000000,0.000000,0.000000,0.000000,0.00025607
3,98,3.639355,0.000138,34.9462,0.000000,0.000000,0.000000,0.000000,0.000000,0.00025607
3,99,3.309236,0.000130,31.3996,0.000000,0.000000,0.000000,0.000000,0.000000,0.00025607
3,100,3.596281,0.000147,74.8743,0.000000,0.000000,0.000000,0.000000,0.000000,0.00025607
3,101,3.063194,0.000123,35.9240,0.000000,0.000000,0.000000,0.000000,0.000000,0.00025607
3,102,2.991678,0.000105,31.9935,0.000000,0.000000,0.000000,0.000000,0.000000,0.00025607
3,103,3.555277,0.000152,46.8870,0.000000,0.000000,0.000000,0.000000,0.000000,0.00025607
3,104,3.714852,0.000138,36.2024,0.000000,0.000000,0.000000,0.000000,0.000000,0.00025607
3,105,2.703839,0.000124,24.7242,0.000000,0.000000,0.000000,0.000000,0.000000,0.00025607
3,106,4.139688,0.000154,106.5757,0.000000,0.000000,0.000000,0.000000,0.000000,0.00025607
3,107,4.141437,0.000163,103.6237,0.000000,0.000000,0.000000,0.000000,0.000000,0.00025607
3,108,5.564363,0.000171,57.4080,0.000000,0.000000,0.000000,0.000000,0.000000,0.00025607
3,109,4.153183,0.000141,30.7068,0.000000,0.000000,0.000000,0.000000,0.000000,0.00025607
3,110,3.441390,0.000144,41.3338,0.000000,0.000000,0.000000,0.000000,0.000000,0.00025607
3,111,3.228222,0.000150,82.1513,0.000000,0.000000,0.000000,0.000000,0.000000,0.00025607
3,112,3.633702,0.000112,36.0527,0.000000,0.000000,0.000000,0.000000,0.000000,0.00025607
3,113,3.473729,0.000119,35.5640,0.000000,0.000000,0.000000,0.000000,0.000000,0.00025607
3,114,3.273046,0.000112,62.4353,0.000000,0.000000,0.000000,0.000000,0.000000,0.00025607
3,115,3.476244,0.000129,31.5686,0.000000,0.000000,0.000000,0.000000,0.000000,0.00025607
3,116,3.307642,0.000131,32.7044,0.000000,0.000000,0.000000,0.000000,0.000000,0.00025607
3,117,3.345235,0.000139,87.8030,0.000000,0.000000,0.000000,0.000000,0.000000,0.00025607
3,118,3.188098,0.000135,29.7306,0.000000,0.000000,0.000000,0.000000,0.000000,0.00025607
3,119,3.351471,0.000154,59.4846,0.000000,0.000000,0.000000,0.000000,0.000000,0.00025607
3,120,3.408392,0.000157,36.9522,0.000000,0.000000,0.000000,0.000000,0.000000,0.00025607
3,121,3.552072,0.000157,35.3806,0.000000,0.000000,0.000000,0.000000,0.000000,0.00025607
3,122,3.433514,0.000123,44.7927,0.000000,0.000000,0.000000,0.000000,0.000000,0.00025607
3,123,3.714007,0.000139,39.2206,0.000000,0.000000,0.000000,0.000000,0.000000,0.00025607
3,124,3.682474,0.000120,28.3449,0.000000,0.000000,0.000000,0.000000,0.000000,0.00025607
3,125,3.559785,0.000130,71.0322,0.000000,0.000000,0.000000,0.000000,0.000000,0.00025607
3,126,3.695465,0.000171,27.7096,0.000000,0.000000,0.000000,0.000000,0.000000,0.00025607
3,127,4.566415,0.000168,36.0432,0.000000,0.000000,0.000000,0.000000,0.000000,0.00025607
3,128,3.061697,0.000143,35.1349,0.000000,0.000000,0.000000,0.000000,0.000000,0.00025607
3,129,3.492865,0.000156,47.8499,0.000000,0.000000,0.000000,0.000000,0.000000,0.00025607
3,130,3.424386,0.000161,26.1929,0.000000,0.000000,0.000000,0.000000,0.000000,0.00025607
3,131,3.421646,0.000185,54.5374,0.000000,0.000000,0.000000,0.000000,0.000000,0.00025607
3,132,4.356726,0.000115,65.3644,0.000000,0.000000,0.000000,0.000000,0.000000,0.00025607
3,133,3.948787,0.000122,74.1345,0.000000,0.000000,0.000000,0.000000,0.000000,0.00025607
3,134,2.929357,0.000127,27.7504,0.000000,0.000000,0.000000,0.000000,0.000000,0.00025607
3,135,4.604569,0.000130,56.4152,0.000000,0.000000,0.000000,0.000000,0.000000,0.00025607
3,136,3.708694,0.000127,40.6082,0.000000,0.000000,0.000000,0.000000,0.000000,0.00025607
3,137,3.341339,0.000124,55.1337,0.000000,0.000000,0.000000,0.000000,0.000000,0.00025607
3,138,3.273759,0.000119,37.6329,0.000000,0.000000,0.000000,0.000000,0.000000,0.00025607
3,139,3.327429,0.000128,32.7116,0.000000,0.000000,0.000000,0.000000,0.000000,0.00025607
3,140,3.230215,0.000132,30.6706,0.000000,0.000000,0.000000,0.000000,0.000000,0.00025607
3,141,3.126320,0.000121,40.8692,0.000000,0.000000,0.000000,0.000000,0.000000,0.00025607
3,142,3.090253,0.000156,56.6851,0.000000,0.000000,0.000000,0.000000,0.000000,0.00025607
3,143,3.545203,0.000129,53.7137,0.000000,0.000000,0.000000,0.000000,0.000000,0.00025607
3,144,3.227461,0.000144,34.3717,0.000000,0.000000,0.000000,0.000000,0.000000,0.00025607
3,145,3.705081,0.000130,70.6252,0.000000,0.000000,0.000000,0.000000,0.000000,0.00025607
3,146,2.860235,0.000091,31.0301,0.000000,0.000000,0.000000,0.000000,0.000000,0.00025607
3,147,3.522669,0.000118,58.9416,0.000000,0.000000,0.000000,0.000000,0.000000,0.00025607
3,148,3.037336,0.000134,31.6824,0.000000,0.000000,0.000000,0.000000,0.000000,0.00025607
3,149,3.554264,0.000122,60.3593,0.000000,0.000000,0.000000,0.000000,0.000000,0.00025607
3,150,2.722960,0.000118,25.5287,0.000000,0.000000,0.000000,0.000000,0.000000,0.00025607
3,151,4.221909,0.000132,74.7152,0.000000,0.000000,0.000000,0.000000,0.000000,0.00025607
3,152,3.603147,0.000121,50.9712,0.000000,0.000000,0.000000,0.000000,0.000000,0.00025607
3,153,3.817009,0.000149,45.9393,0.000000,0.000000,0.000000,0.000000,0.000000,0.00025607
3,154,3.110158,0.000139,38.1429,0.000000,0.000000,0.000000,0.000000,0.000000,0.00025607
3,155,4.592225,0.000177,85.7461,0.000000,0.000000,0.000000,0.000000,0.000000,0.00025607
3,156,4.427600,0.000179,78.3968,0.000000,0.000000,0.000000,0.000000,0.000000,0.00025607
3,157,3.813518,0.000145,39.3850,0.000000,0.000000,0.000000,0.000000,0.000000,0.00025607
3,158,3.474123,0.000158,48.3694,0.000000,0.000000,0.000000,0.000000,0.000000,0.00025607
3,159,4.467289,0.000190,79.1049,0.000000,0.000000,0.000000,0.000000,0.000000,0.00025607
3,160,3.817689,0.000151,34.2500,0.000000,0.000000,0.000000,0.000000,0.000000,0.00025607
3,161,3.488209,0.000119,49.6683,0.000000,0.000000,0.000000,0.000000,0.000000,0.00025607
3,162,3.524227,0.000124,32.3360,0.000000,0.000000,0.000000,0.000000,0.000000,0.00025607
3,163,2.871558,0.000136,32.0183,0.000000,0.000000,0.000000,0.000000,0.000000,0.00025607
3,164,3.894503,0.000117,70.6441,0.000000,0.000000,0.000000,0.000000,0.000000,0.00025607
3,165,4.017346,0.000123,44.5698,0.000000,0.000000,0.000000,0.000000,0.000000,0.00025607
3,166,3.498747,0.000128,28.6895,0.000000,0.000000,0.000000,0.000000,0.000000,0.00025607
3,167,3.434816,0.000132,38.7287,0.000000,0.000000,0.000000,0.000000,0.000000,0.00025607
3,168,3.150558,0.000146,27.7520,0.000000,0.000000,0.000000,0.000000,0.000000,0.00025607
3,169,3.809158,0.000154,59.5977,0.000000,0.000000,0.000000,0.000000,0.000000,0.00025607
3,170,3.209554,0.000105,28.5056,0.000000,0.000000,0.000000,0.000000,0.000000,0.00025607
3,171,3.148283,0.000120,20.5030,0.000000,0.000000,0.000000,0.000000,0.000000,0.00025607
3,172,3.241069,0.000121,40.8743,0.000000,0.000000,0.000000,0.000000,0.000000,0.00025607
3,173,3.567557,0.000155,35.4750,0.000000,0.000000,0.000000,0.000000,0.000000,0.00025607
3,174,3.228370,0.000175,36.8002,0.000000,0.000000,0.000000,0.000000,0.000000,0.00025607
3,175,3.414074,0.000133,40.8424,0.000000,0.000000,0.000000,0.000000,0.000000,0.00025607
3,176,3.893576,0.000222,34.8344,0.000000,0.000000,0.000000,0.000000,0.000000,0.00025607
3,177,3.731531,0.000120,41.4474,0.000000,0.000000,0.000000,0.000000,0.000000,0.00025607
3,178,3.233262,0.000127,29.9312,0.000000,0.000000,0.000000,0.000000,0.000000,0.00025607
3,179,3.438910,0.000112,58.9829,0.000000,0.000000,0.000000,0.000000,0.000000,0.00025607
3,180,2.705356,0.000110,33.5674,0.000000,0.000000,0.000000,0.000000,0.000000,0.00025607
3,181,4.323186,0.000163,30.4162,0.000000,0.000000,0.000000,0.000000,0.000000,0.00025607
3,182,3.258338,0.000130,61.7239,0.000000,0.000000,0.000000,0.000000,0.000000,0.00025607
3,183,3.835173,0.000152,46.0325,0.000000,0.000000,0.000000,0.000000,0.000000,0.00025607
3,184,3.242750,0.000115,29.3698,0.000000,0.000000,0.000000,0.000000,0.000000,0.00025607
3,185,3.219322,0.000095,43.0039,0.000000,0.000000,0.000000,0.000000,0.000000,0.00025607
3,186,3.571198,0.000152,46.3129,0.000000,0.000000,0.000000,0.000000,0.000000,0.00025607
3,187,3.203164,0.000167,25.7202,0.000000,0.000000,0.000000,0.000000,0.000000,0.00025607
3,188,4.090687,0.000158,108.6940,0.000000,0.000000,0.000000,0.000000,0.000000,0.00025607
3,189,4.421324,0.000148,117.8561,0.000000,0.000000,0.000000,0.000000,0.000000,0.00025607
3,190,3.302200,0.000159,93.0703,0.000000,0.000000,0.000000,0.000000,0.000000,0.00025607
3,191,3.760898,0.000189,38.3302,0.000000,0.000000,0.000000,0.000000,0.000000,0.00025607
3,192,3.222538,0.000146,31.3243,0.000000,0.000000,0.000000,0.000000,0.000000,0.00025607
3,193,3.598553,0.000155,101.6959,0.000000,0.000000,0.000000,0.000000,0.000000,0.00025607
3,194,3.179395,0.000132,80.2663,0.000000,0.000000,0.000000,0.000000,0.000000,0.00025607
3,195,3.383037,0.000120,38.1285,0.000000,0.000000,0.000000,0.000000,0.000000,0.00025607
3,196,4.254685,0.000183,43.1197,0.000000,0.000000,0.000000,0.000000,0.000000,0.00025607
3,197,3.987622,0.000186,94.8254,0.000000,0.000000,0.000000,0.000000,0.000000,0.00025607
3,198,4.266948,0.000182,58.3957,0.000000,0.000000,0.000000,0.000000,0.000000,0.00025607
3,199,3.361734,0.000173,33.7578,0.000000,0.000000,0.000000,0.000000,0.000000,0.00025607
3,200,3.834564,0.000139,77.5064,0.000000,0.000000,0.000000,0.000000,0.000000,0.00025607
3,201,3.431260,0.000172,44.9255,0.000000,0.000000,0.000000,0.000000,0.000000,0.00025607
3,202,3.993139,0.000132,54.0760,0.000000,0.000000,0.000000,0.000000,0.000000,0.00025607
3,203,3.604612,0.000135,44.3923,0.000000,0.000000,0.000000,0.000000,0.000000,0.00025607
3,204,2.779551,0.000115,22.3845,0.000000,0.000000,0.000000,0.000000,0.000000,0.00025607
3,205,4.066999,0.000148,98.7682,0.000000,0.000000,0.000000,0.000000,0.000000,0.00025607
3,206,4.931731,0.000316,87.0310,0.000000,0.000000,0.000000,0.000000,0.000000,0.00025607
3,207,5.023285,0.000233,32.3467,0.000000,0.000000,0.000000,0.000000,0.000000,0.00025607
3,208,5.256330,0.000360,39.6386,0.000000,0.000000,0.000000,0.000000,0.000000,0.00025607
3,209,4.433957,0.000324,54.7457,0.000000,0.000000,0.000000,0.000000,0.000000,0.00025607
3,210,4.353505,0.000214,41.4111,0.000000,0.000000,0.000000,0.000000,0.000000,0.00025607
3,211,4.203672,0.000128,30.4281,0.000000,0.000000,0.000000,0.000000,0.000000,0.00025607
3,212,3.670079,0.000120,34.1775,0.000000,0.000000,0.000000,0.000000,0.000000,0.00025607
3,213,3.149303,0.000126,29.2666,0.000000,0.000000,0.000000,0.000000,0.000000,0.00025607
3,214,3.268906,0.000124,67.8752,0.000000,0.000000,0.000000,0.000000,0.000000,0.00025607
3,215,3.003819,0.000129,27.2499,0.000000,0.000000,0.000000,0.000000,0.000000,0.00025607
3,216,3.227155,0.000126,39.8251,0.000000,0.000000,0.000000,0.000000,0.000000,0.00025607
3,217,2.846014,0.000119,36.4281,0.000000,0.000000,0.000000,0.000000,0.000000,0.00025607
3,218,3.131557,0.000128,33.1598,0.000000,0.000000,0.000000,0.000000,0.000000,0.00025607
3,219,4.832045,0.000214,31.5661,0.000000,0.000000,0.000000,0.000000,0.000000,0.00025607
3,220,3.509782,0.000114,76.5805,0.000000,0.000000,0.000000,0.000000,0.000000,0.00025607
3,221,2.839864,0.000118,24.8750,0.000000,0.000000,0.000000,0.000000,0.000000,0.00025607
3,222,3.856717,0.000112,86.9849,0.000000,0.000000,0.000000,0.000000,0.000000,0.00025607
3,223,3.202168,0.000126,35.9140,0.000000,0.000000,0.000000,0.000000,0.000000,0.00025607
3,224,3.392776,0.000075,22.4560,0.000000,0.000000,0.000000,0.000000,0.000000,0.00025607
4,1,3.506180,0.000173,31.4802,0.000000,0.000000,0.000000,0.000000,0.000000,0.00020740
4,2,3.880633,0.000165,98.5957,0.000000,0.000000,0.000000,0.000000,0.000000,0.00020740
4,3,3.457716,0.000168,107.7545,0.000000,0.000000,0.000000,0.000000,0.000000,0.00020740
4,4,3.102664,0.000173,33.5447,0.000000,0.000000,0.000000,0.000000,0.000000,0.00020740
4,5,3.315411,0.000170,41.5002,0.000000,0.000000,0.000000,0.000000,0.000000,0.00020740
4,6,2.969426,0.000164,33.6034,0.000000,0.000000,0.000000,0.000000,0.000000,0.00020740
4,7,3.238757,0.000170,45.3328,0.000000,0.000000,0.000000,0.000000,0.000000,0.00020740
4,8,2.980134,0.000171,33.6413,0.000000,0.000000,0.000000,0.000000,0.000000,0.00020740
4,9,3.077203,0.000161,47.1580,0.000000,0.000000,0.000000,0.000000,0.000000,0.00020740
4,10,2.830940,0.000137,30.2033,0.000000,0.000000,0.000000,0.000000,0.000000,0.00020740
4,11,3.169754,0.000140,56.8092,0.000000,0.000000,0.000000,0.000000,0.000000,0.00020740
4,12,2.719798,0.000140,27.1843,0.000000,0.000000,0.000000,0.000000,0.000000,0.00020740
4,13,3.227088,0.000137,58.4725,0.000000,0.000000,0.000000,0.000000,0.000000,0.00020740
4,14,2.925382,0.000163,31.3291,0.000000,0.000000,0.000000,0.000000,0.000000,0.00020740
4,15,3.080581,0.000146,60.6514,0.000000,0.000000,0.000000,0.000000,0.000000,0.00020740
4,16,3.372169,0.000130,36.9728,0.000000,0.000000,0.000000,0.000000,0.000000,0.00020740
4,17,2.697622,0.000122,26.8780,0.000000,0.000000,0.000000,0.000000,0.000000,0.00020740
4,18,3.409805,0.000130,72.6421,0.000000,0.000000,0.000000,0.000000,0.000000,0.00020740
4,19,3.043540,0.000140,38.3376,0.000000,0.000000,0.000000,0.000000,0.000000,0.00020740
4,20,3.221826,0.000154,36.1071,0.000000,0.000000,0.000000,0.000000,0.000000,0.00020740
4,21,2.990342,0.000149,37.5667,0.000000,0.000000,0.000000,0.000000,0.000000,0.00020740
4,22,3.263646,0.000150,52.3069,0.000000,0.000000,0.000000,0.000000,0.000000,0.00020740
4,23,2.891628,0.000154,29.2116,0.000000,0.000000,0.000000,0.000000,0.000000,0.00020740
4,24,3.211328,0.000172,69.5756,0.000000,0.000000,0.000000,0.000000,0.000000,0.00020740
4,25,2.904334,0.000146,26.8248,0.000000,0.000000,0.000000,0.000000,0.000000,0.00020740
4,26,3.003516,0.000154,48.5971,0.000000,0.000000,0.000000,0.000000,0.000000,0.00020740
4,27,2.870810,0.000134,37.4948,0.000000,0.000000,0.000000,0.000000,0.000000,0.00020740
4,28,2.762515,0.000119,38.2988,0.000000,0.000000,0.000000,0.000000,0.000000,0.00020740
4,29,2.916677,0.000105,57.8084,0.000000,0.000000,0.000000,0.000000,0.000000,0.00020740
4,30,3.176997,0.000146,37.6456,0.000000,0.000000,0.000000,0.000000,0.000000,0.00020740
4,31,2.869493,0.000136,32.3057,0.000000,0.000000,0.000000,0.000000,0.000000,0.00020740
4,32,3.266323,0.000142,61.8824,0.000000,0.000000,0.000000,0.000000,0.000000,0.00020740
4,33,3.026946,0.000150,31.9956,0.000000,0.000000,0.000000,0.000000,0.000000,0.00020740
4,34,3.261094,0.000155,48.1167,0.000000,0.000000,0.000000,0.000000,0.000000,0.00020740
4,35,2.853132,0.000127,25.5557,0.000000,0.000000,0.000000,0.000000,0.000000,0.00020740
4,36,3.648139,0.000148,75.7145,0.000000,0.000000,0.000000,0.000000,0.000000,0.00020740
4,37,2.678528,0.000131,29.0832,0.000000,0.000000,0.000000,0.000000,0.000000,0.00020740
4,38,3.327399,0.000133,32.0331,0.000000,0.000000,0.000000,0.000000,0.000000,0.00020740
4,39,2.922902,0.000128,34.9976,0.000000,0.000000,0.000000,0.000000,0.000000,0.00020740
4,40,3.677293,0.000140,56.1689,0.000000,0.000000,0.000000,0.000000,0.000000,0.00020740
4,41,2.922433,0.000138,28.2289,0.000000,0.000000,0.000000,0.000000,0.000000,0.00020740
4,42,3.120621,0.000139,41.8048,0.000000,0.000000,0.000000,0.000000,0.000000,0.00020740
4,43,2.897335,0.000150,29.2624,0.000000,0.000000,0.000000,0.000000,0.000000,0.00020740
4,44,3.496785,0.000194,32.1783,0.000000,0.000000,0.000000,0.000000,0.000000,0.00020740
4,45,4.034809,0.000191,30.7825,0.000000,0.000000,0.000000,0.000000,0.000000,0.00020740
4,46,3.422091,0.000141,26.1080,0.000000,0.000000,0.000000,0.000000,0.000000,0.00020740
4,47,3.067090,0.000172,39.1425,0.000000,0.000000,0.000000,0.000000,0.000000,0.00020740
4,48,3.962096,0.000182,27.1464,0.000000,0.000000,0.000000,0.000000,0.000000,0.00020740
4,49,3.073987,0.000146,41.6260,0.000000,0.000000,0.000000,0.000000,0.000000,0.00020740
4,50,3.469959,0.000145,43.5578,0.000000,0.000000,0.000000,0.000000,0.000000,0.00020740
4,51,3.356257,0.000163,33.9980,0.000000,0.000000,0.000000,0.000000,0.000000,0.00020740
4,52,3.549414,0.000166,58.4397,0.000000,0.000000,0.000000,0.000000,0.000000,0.00020740
4,53,4.831340,0.000195,41.0983,0.000000,0.000000,0.000000,0.000000,0.000000,0.00020740
4,54,3.673328,0.000131,31.4397,0.000000,0.000000,0.000000,0.000000,0.000000,0.00020740
4,55,3.043421,0.000131,32.8156,0.000000,0.000000,0.000000,0.000000,0.000000,0.00020740
4,56,2.681189,0.000104,39.2237,0.000000,0.000000,0.000000,0.000000,0.000000,0.00020740
4,57,3.308501,0.000129,30.3953,0.000000,0.000000,0.000000,0.000000,0.000000,0.00020740
4,58,3.040154,0.000153,22.8487,0.000000,0.000000,0.000000,0.000000,0.000000,0.00020740
4,59,4.366911,0.000205,41.0857,0.000000,0.000000,0.000000,0.000000,0.000000,0.00020740
4,60,3.171415,0.000174,28.8551,0.000000,0.000000,0.000000,0.000000,0.000000,0.00020740
4,61,3.484136,0.000146,20.7644,0.000000,0.000000,0.000000,0.000000,0.000000,0.00020740
4,62,2.760252,0.000130,31.5355,0.000000,0.000000,0.000000,0.000000,0.000000,0.00020740
4,63,2.724872,0.000144,28.8647,0.000000,0.000000,0.000000,0.000000,0.000000,0.00020740
4,64,2.560815,0.000109,30.7283,0.000000,0.000000,0.000000,0.000000,0.000000,0.00020740
4,65,3.129665,0.000113,53.5050,0.000000,0.000000,0.000000,0.000000,0.000000,0.00020740
4,66,2.681913,0.000120,23.1803,0.000000,0.000000,0.000000,0.000000,0.000000,0.00020740
4,67,3.319744,0.000121,95.5736,0.000000,0.000000,0.000000,0.000000,0.000000,0.00020740
4,68,2.822625,0.000133,16.4719,0.000000,0.000000,0.000000,0.000000,0.000000,0.00020740
4,69,4.561816,0.000133,25.7916,0.000000,0.000000,0.000000,0.000000,0.000000,0.00020740
4,70,3.685202,0.000135,29.9132,0.000000,0.000000,0.000000,0.000000,0.000000,0.00020740
4,71,2.625031,0.000135,24.3628,0.000000,0.000000,0.000000,0.000000,0.000000,0.00020740
4,72,3.880338,0.000125,50.8675,0.000000,0.000000,0.000000,0.000000,0.000000,0.00020740
4,73,2.858095,0.000144,24.3901,0.000000,0.000000,0.000000,0.000000,0.000000,0.00020740
4,74,4.060732,0.000134,30.7601,0.000000,0.000000,0.000000,0.000000,0.000000,0.00020740
4,75,2.575473,0.000120,22.3830,0.000000,0.000000,0.000000,0.000000,0.000000,0.00020740
4,76,4.594675,0.000152,45.4435,0.000000,0.000000,0.000000,0.000000,0.000000,0.00020740
4,77,3.483017,0.000127,29.4397,0.000000,0.000000,0.000000,0.000000,0.000000,0.00020740
4,78,2.793052,0.000103,26.3357,0.000000,0.000000,0.000000,0.000000,0.000000,0.00020740
4,79,2.642823,0.000109,21.8363,0.000000,0.000000,0.000000,0.000000,0.000000,0.00020740
4,80,3.624029,0.000110,97.9183,0.000000,0.000000,0.000000,0.000000,0.000000,0.00020740
4,81,3.259450,0.000156,54.4872,0.000000,0.000000,0.000000,0.000000,0.000000,0.00020740
4,82,3.479466,0.000146,34.6318,0.000000,0.000000,0.000000,0.000000,0.000000,0.00020740
4,83,3.346493,0.000153,29.5470,0.000000,0.000000,0.000000,0.000000,0.000000,0.00020740
4,84,3.002689,0.000126,68.4713,0.000000,0.000000,0.000000,0.000000,0.000000,0.00020740
4,85,2.830353,0.000142,24.7603,0.000000,0.000000,0.000000,0.000000,0.000000,0.00020740
4,86,3.045260,0.000155,33.3424,0.000000,0.000000,0.000000,0.000000,0.000000,0.00020740
4,87,2.599046,0.000129,23.6212,0.000000,0.000000,0.000000,0.000000,0.000000,0.00020740
4,88,3.584539,0.000139,32.5059,0.000000,0.000000,0.000000,0.000000,0.000000,0.00020740
4,89,2.852663,0.000139,25.6127,0.000000,0.000000,0.000000,0.000000,0.000000,0.00020740
4,90,2.876838,0.000138,49.2936,0.000000,0.000000,0.000000,0.000000,0.000000,0.00020740
4,91,3.176546,0.000139,27.7190,0.000000,0.000000,0.000000,0.000000,0.000000,0.00020740
4,92,3.856318,0.000166,38.1108,0.000000,0.000000,0.000000,0.000000,0.000000,0.00020740
4,93,3.029768,0.000110,91.4231,0.000000,0.000000,0.000000,0.000000,0.000000,0.00020740
4,94,2.802830,0.000141,34.1580,0.000000,0.000000,0.000000,0.000000,0.000000,0.00020740
4,95,3.013155,0.000128,44.9473,0.000000,0.000000,0.000000,0.000000,0.000000,0.00020740
4,96,2.383832,0.000108,20.7660,0.000000,0.000000,0.000000,0.000000,0.000000,0.00020740
4,97,4.040570,0.000180,37.2856,0.000000,0.000000,0.000000,0.000000,0.000000,0.00020740
4,98,3.550052,0.000138,32.7553,0.000000,0.000000,0.000000,0.000000,0.000000,0.00020740
4,99,2.885663,0.000130,29.4283,0.000000,0.000000,0.000000,0.000000,0.000000,0.00020740
4,100,3.173451,0.000147,38.6848,0.000000,0.000000,0.000000,0.000000,0.000000,0.00020740
4,101,2.892601,0.000124,40.4159,0.000000,0.000000,0.000000,0.000000,0.000000,0.00020740
4,102,2.461200,0.000105,27.5640,0.000000,0.000000,0.000000,0.000000,0.000000,0.00020740
4,103,3.057255,0.000152,26.1777,0.000000,0.000000,0.000000,0.000000,0.000000,0.00020740
4,104,3.662558,0.000137,25.4193,0.000000,0.000000,0.000000,0.000000,0.000000,0.00020740
4,105,2.532605,0.000123,29.3530,0.000000,0.000000,0.000000,0.000000,0.000000,0.00020740
4,106,2.975340,0.000152,39.3365,0.000000,0.000000,0.000000,0.000000,0.000000,0.00020740
4,107,3.289555,0.000168,33.8655,0.000000,0.000000,0.000000,0.000000,0.000000,0.00020740
4,108,4.212614,0.000172,55.2323,0.000000,0.000000,0.000000,0.000000,0.000000,0.00020740
4,109,3.333416,0.000142,24.5426,0.000000,0.000000,0.000000,0.000000,0.000000,0.00020740
4,110,2.777481,0.000144,27.9196,0.000000,0.000000,0.000000,0.000000,0.000000,0.00020740
4,111,3.155819,0.000150,74.8651,0.000000,0.000000,0.000000,0.000000,0.000000,0.00020740
4,112,3.053533,0.000112,20.6506,0.000000,0.000000,0.000000,0.000000,0.000000,0.00020740
4,113,2.909890,0.000119,48.4173,0.000000,0.000000,0.000000,0.000000,0.000000,0.00020740
4,114,2.593000,0.000115,31.2740,0.000000,0.000000,0.000000,0.000000,0.000000,0.00020740
4,115,2.914999,0.000129,31.7053,0.000000,0.000000,0.000000,0.000000,0.000000,0.00020740
4,116,2.820492,0.000131,44.5146,0.000000,0.000000,0.000000,0.000000,0.000000,0.00020740
4,117,2.940786,0.000138,28.3655,0.000000,0.000000,0.000000,0.000000,0.000000,0.00020740
4,118,2.903363,0.000135,24.1949,0.000000,0.000000,0.000000,0.000000,0.000000,0.00020740
4,119,3.153065,0.000154,28.7964,0.000000,0.000000,0.000000,0.000000,0.000000,0.00020740
4,120,3.120203,0.000155,32.7798,0.000000,0.000000,0.000000,0.000000,0.000000,0.00020740
4,121,3.317279,0.000157,33.8526,0.000000,0.000000,0.000000,0.000000,0.000000,0.00020740
4,122,2.637616,0.000122,23.0629,0.000000,0.000000,0.000000,0.000000,0.000000,0.00020740
4,123,3.588467,0.000138,80.7767,0.000000,0.000000,0.000000,0.000000,0.000000,0.00020740
4,124,2.998801,0.000120,24.8168,0.000000,0.000000,0.000000,0.000000,0.000000,0.00020740
4,125,3.064756,0.000128,44.0679,0.000000,0.000000,0.000000,0.000000,0.000000,0.00020740
4,126,2.888316,0.000167,23.1530,0.000000,0.000000,0.000000,0.000000,0.000000,0.00020740
4,127,3.723254,0.000167,27.8049,0.000000,0.000000,0.000000,0.000000,0.000000,0.00020740
4,128,3.040919,0.000143,23.0232,0.000000,0.000000,0.000000,0.000000,0.000000,0.00020740
4,129,2.862159,0.000155,26.2676,0.000000,0.000000,0.000000,0.000000,0.000000,0.00020740
4,130,2.884187,0.000161,26.3397,0.000000,0.000000,0.000000,0.000000,0.000000,0.00020740
4,131,3.059831,0.000197,40.0004,0.000000,0.000000,0.000000,0.000000,0.000000,0.00020740
4,132,3.659096,0.000113,32.5152,0.000000,0.000000,0.000000,0.000000,0.000000,0.00020740
4,133,3.517325,0.000121,36.3061,0.000000,0.000000,0.000000,0.000000,0.000000,0.00020740
4,134,2.702260,0.000126,21.5142,0.000000,0.000000,0.000000,0.000000,0.000000,0.00020740
4,135,3.394114,0.000132,58.4667,0.000000,0.000000,0.000000,0.000000,0.000000,0.00020740
4,136,2.797084,0.000125,27.1819,0.000000,0.000000,0.000000,0.000000,0.000000,0.00020740
4,137,3.034307,0.000123,49.2885,0.000000,0.000000,0.000000,0.000000,0.000000,0.00020740
4,138,2.996269,0.000119,26.3130,0.000000,0.000000,0.000000,0.000000,0.000000,0.00020740
4,139,2.778463,0.000128,23.2309,0.000000,0.000000,0.000000,0.000000,0.000000,0.00020740
4,140,3.360333,0.000133,63.0531,0.000000,0.000000,0.000000,0.000000,0.000000,0.00020740
4,141,2.488261,0.000121,22.7209,0.000000,0.000000,0.000000,0.000000,0.000000,0.00020740
4,142,2.633204,0.000155,62.9353,0.000000,0.000000,0.000000,0.000000,0.000000,0.00020740
4,143,3.200641,0.000129,33.0052,0.000000,0.000000,0.000000,0.000000,0.000000,0.00020740
4,144,2.842449,0.000144,42.4110,0.000000,0.000000,0.000000,0.000000,0.000000,0.00020740
4,145,3.350904,0.000130,72.7792,0.000000,0.000000,0.000000,0.000000,0.000000,0.00020740
4,146,2.376066,0.000089,32.2681,0.000000,0.000000,0.000000,0.000000,0.000000,0.00020740
4,147,3.412671,0.000116,55.6051,0.000000,0.000000,0.000000,0.000000,0.000000,0.00020740
4,148,3.386889,0.000134,50.1738,0.000000,0.000000,0.000000,0.000000,0.000000,0.00020740
4,149,2.806486,0.000123,32.6324,0.000000,0.000000,0.000000,0.000000,0.000000,0.00020740
4,150,2.605154,0.000118,22.8629,0.000000,0.000000,0.000000,0.000000,0.000000,0.00020740
4,151,2.979009,0.000133,56.1901,0.000000,0.000000,0.000000,0.000000,0.000000,0.00020740
4,152,2.613756,0.000120,23.2640,0.000000,0.000000,0.000000,0.000000,0.000000,0.00020740
4,153,2.984418,0.000147,43.9850,0.000000,0.000000,0.000000,0.000000,0.000000,0.00020740
4,154,2.860787,0.000142,34.6556,0.000000,0.000000,0.000000,0.000000,0.000000,0.00020740
4,155,3.107929,0.000176,42.5961,0.000000,0.000000,0.000000,0.000000,0.000000,0.00020740
4,156,3.179686,0.000181,22.8149,0.000000,0.000000,0.000000,0.000000,0.000000,0.00020740
4,157,3.335779,0.000146,24.0241,0.000000,0.000000,0.000000,0.000000,0.000000,0.00020740
4,158,2.812276,0.000161,28.2130,0.000000,0.000000,0.000000,0.000000,0.000000,0.00020740
4,159,4.332817,0.000199,25.5643,0.000000,0.000000,0.000000,0.000000,0.000000,0.00020740
4,160,3.345654,0.000153,43.8237,0.000000,0.000000,0.000000,0.000000,0.000000,0.00020740
4,161,2.533539,0.000119,34.0353,0.000000,0.000000,0.000000,0.000000,0.000000,0.00020740
4,162,2.743981,0.000122,32.7870,0.000000,0.000000,0.000000,0.000000,0.000000,0.00020740
4,163,2.592438,0.000135,34.1990,0.000000,0.000000,0.000000,0.000000,0.000000,0.00020740
4,164,2.840119,0.000117,37.1347,0.000000,0.000000,0.000000,0.000000,0.000000,0.00020740
4,165,2.549525,0.000124,32.2253,0.000000,0.000000,0.000000,0.000000,0.000000,0.00020740
4,166,3.502022,0.000129,66.4071,0.000000,0.000000,0.000000,0.000000,0.000000,0.00020740
4,167,2.931820,0.000134,30.7820,0.000000,0.000000,0.000000,0.000000,0.000000,0.00020740
4,168,3.074837,0.000148,41.1951,0.000000,0.000000,0.000000,0.000000,0.000000,0.00020740
4,169,2.843988,0.000153,24.8005,0.000000,0.000000,0.000000,0.000000,0.000000,0.00020740
4,170,3.035487,0.000109,81.4959,0.000000,0.000000,0.000000,0.000000,0.000000,0.00020740
4,171,2.373252,0.000117,19.3742,0.000000,0.000000,0.000000,0.000000,0.000000,0.00020740
4,172,3.834863,0.000121,55.0242,0.000000,0.000000,0.000000,0.000000,0.000000,0.00020740
4,173,3.204771,0.000157,30.9912,0.000000,0.000000,0.000000,0.000000,0.000000,0.00020740
4,174,3.448057,0.000173,67.5454,0.000000,0.000000,0.000000,0.000000,0.000000,0.00020740
4,175,3.460129,0.000132,25.5987,0.000000,0.000000,0.000000,0.000000,0.000000,0.00020740
4,176,3.364318,0.000219,28.3853,0.000000,0.000000,0.000000,0.000000,0.000000,0.00020740
4,177,2.957107,0.000119,54.7204,0.000000,0.000000,0.000000,0.000000,0.000000,0.00020740
4,178,2.793757,0.000125,30.3328,0.000000,0.000000,0.000000,0.000000,0.000000,0.00020740
4,179,2.381826,0.000112,35.5322,0.000000,0.000000,0.000000,0.000000,0.000000,0.00020740
4,180,2.583758,0.000110,44.3164,0.000000,0.000000,0.000000,0.000000,0.000000,0.00020740
4,181,3.571504,0.000163,36.2640,0.000000,0.000000,0.000000,0.000000,0.000000,0.00020740
4,182,2.943876,0.000131,47.5847,0.000000,0.000000,0.000000,0.000000,0.000000,0.00020740
4,183,3.479695,0.000151,37.4585,0.000000,0.000000,0.000000,0.000000,0.000000,0.00020740
4,184,2.851774,0.000115,36.7855,0.000000,0.000000,0.000000,0.000000,0.000000,0.00020740
4,185,2.222370,0.000087,24.6448,0.000000,0.000000,0.000000,0.000000,0.000000,0.00020740
4,186,3.532593,0.000153,38.3575,0.000000,0.000000,0.000000,0.000000,0.000000,0.00020740
4,187,3.163208,0.000168,31.3305,0.000000,0.000000,0.000000,0.000000,0.000000,0.00020740
4,188,3.299733,0.000158,83.6523,0.000000,0.000000,0.000000,0.000000,0.000000,0.00020740
4,189,2.977806,0.000147,40.2973,0.000000,0.000000,0.000000,0.000000,0.000000,0.00020740
4,190,3.196967,0.000159,34.1711,0.000000,0.000000,0.000000,0.000000,0.000000,0.00020740
4,191,2.774274,0.000187,23.8114,0.000000,0.000000,0.000000,0.000000,0.000000,0.00020740
4,192,4.201521,0.000145,113.8537,0.000000,0.000000,0.000000,0.000000,0.000000,0.00020740
4,193,3.705575,0.000156,119.4813,0.000000,0.000000,0.000000,0.000000,0.000000,0.00020740
4,194,3.335047,0.000133,84.8349,0.000000,0.000000,0.000000,0.000000,0.000000,0.00020740
4,195,3.074760,0.000116,33.8618,0.000000,0.000000,0.000000,0.000000,0.000000,0.00020740
4,196,3.592410,0.000181,52.0375,0.000000,0.000000,0.000000,0.000000,0.000000,0.00020740
4,197,3.332242,0.000184,63.6787,0.000000,0.000000,0.000000,0.000000,0.000000,0.00020740
4,198,3.699581,0.000178,52.7054,0.000000,0.000000,0.000000,0.000000,0.000000,0.00020740
4,199,2.706248,0.000172,26.4313,0.000000,0.000000,0.000000,0.000000,0.000000,0.00020740
4,200,4.295944,0.000142,116.3084,0.000000,0.000000,0.000000,0.000000,0.000000,0.00020740
4,201,4.017332,0.000171,122.1627,0.000000,0.000000,0.000000,0.000000,0.000000,0.00020740
4,202,3.386452,0.000133,99.2314,0.000000,0.000000,0.000000,0.000000,0.000000,0.00020740
4,203,3.125107,0.000135,30.2722,0.000000,0.000000,0.000000,0.000000,0.000000,0.00020740
4,204,2.754417,0.000116,25.6648,0.000000,0.000000,0.000000,0.000000,0.000000,0.00020740
4,205,2.793370,0.000145,37.0287,0.000000,0.000000,0.000000,0.000000,0.000000,0.00020740
4,206,4.061667,0.000317,58.0268,0.000000,0.000000,0.000000,0.000000,0.000000,0.00020740
4,207,4.048393,0.000230,43.6942,0.000000,0.000000,0.000000,0.000000,0.000000,0.00020740
4,208,4.718533,0.000363,43.3196,0.000000,0.000000,0.000000,0.000000,0.000000,0.00020740
4,209,4.488000,0.000322,40.3046,0.000000,0.000000,0.000000,0.000000,0.000000,0.00020740
4,210,3.535586,0.000219,45.3175,0.000000,0.000000,0.000000,0.000000,0.000000,0.00020740
4,211,4.908325,0.000127,52.3756,0.000000,0.000000,0.000000,0.000000,0.000000,0.00020740
4,212,3.462465,0.000121,23.4826,0.000000,0.000000,0.000000,0.000000,0.000000,0.00020740
4,213,3.300390,0.000127,23.3507,0.000000,0.000000,0.000000,0.000000,0.000000,0.00020740
4,214,2.967192,0.000123,29.5963,0.000000,0.000000,0.000000,0.000000,0.000000,0.00020740
4,215,2.665840,0.000126,30.8505,0.000000,0.000000,0.000000,0.000000,0.000000,0.00020740
4,216,2.538862,0.000127,37.7519,0.000000,0.000000,0.000000,0.000000,0.000000,0.00020740
4,217,2.947822,0.000118,48.9054,0.000000,0.000000,0.000000,0.000000,0.000000,0.00020740
4,218,2.784563,0.000128,31.4427,0.000000,0.000000,0.000000,0.000000,0.000000,0.00020740
4,219,4.042213,0.000218,68.7008,0.000000,0.000000,0.000000,0.000000,0.000000,0.00020740
4,220,2.873788,0.000114,39.4241,0.000000,0.000000,0.000000,0.000000,0.000000,0.00020740
4,221,2.956405,0.000116,28.8402,0.000000,0.000000,0.000000,0.000000,0.000000,0.00020740
4,222,2.874459,0.000113,24.6784,0.000000,0.000000,0.000000,0.000000,0.000000,0.00020740
4,223,3.147178,0.000125,40.8802,0.000000,0.000000,0.000000,0.000000,0.000000,0.00020740
4,224,2.098662,0.000082,16.1380,0.000000,0.000000,0.000000,0.000000,0.000000,0.00020740
5,1,3.863651,0.000170,85.3455,0.000000,0.000000,0.000000,0.000000,0.000000,0.00015000
5,2,3.009818,0.000162,36.9981,0.000000,0.000000,0.000000,0.000000,0.000000,0.00015000
5,3,3.375936,0.000171,38.8290,0.000000,0.000000,0.000000,0.000000,0.000000,0.00015000
5,4,3.105075,0.000172,34.7269,0.000000,0.000000,0.000000,0.000000,0.000000,0.00015000
5,5,3.074786,0.000169,64.4767,0.000000,0.000000,0.000000,0.000000,0.000000,0.00015000
5,6,2.646144,0.000161,22.9495,0.000000,0.000000,0.000000,0.000000,0.000000,0.00015000
5,7,3.091145,0.000169,53.8475,0.000000,0.000000,0.000000,0.000000,0.000000,0.00015000
5,8,2.824753,0.000170,26.0180,0.000000,0.000000,0.000000,0.000000,0.000000,0.00015000
5,9,2.949007,0.000160,56.7765,0.000000,0.000000,0.000000,0.000000,0.000000,0.00015000
5,10,2.754184,0.000139,27.6367,0.000000,0.000000,0.000000,0.000000,0.000000,0.00015000
5,11,2.730560,0.000141,33.0016,0.000000,0.000000,0.000000,0.000000,0.000000,0.00015000
5,12,2.686269,0.000140,32.5853,0.000000,0.000000,0.000000,0.000000,0.000000,0.00015000
5,13,2.465751,0.000138,26.0014,0.000000,0.000000,0.000000,0.000000,0.000000,0.00015000
5,14,3.067147,0.000163,30.1280,0.000000,0.000000,0.000000,0.000000,0.000000,0.00015000
5,15,3.113114,0.000149,31.8144,0.000000,0.000000,0.000000,0.000000,0.000000,0.00015000
5,16,3.207416,0.000131,34.8330,0.000000,0.000000,0.000000,0.000000,0.000000,0.00015000
5,17,2.681569,0.000122,20.8655,0.000000,0.000000,0.000000,0.000000,0.000000,0.00015000
5,18,2.993605,0.000129,54.4133,0.000000,0.000000,0.000000,0.000000,0.000000,0.00015000
5,19,2.521596,0.000141,20.9011,0.000000,0.000000,0.000000,0.000000,0.000000,0.00015000
5,20,3.696915,0.000154,58.3902,0.000000,0.000000,0.000000,0.000000,0.000000,0.00015000
5,21,2.844860,0.000149,34.0992,0.000000,0.000000,0.000000,0.000000,0.000000,0.00015000
5,22,3.014441,0.000150,40.1353,0.000000,0.000000,0.000000,0.000000,0.000000,0.00015000
5,23,2.499032,0.000154,23.3870,0.000000,0.000000,0.000000,0.000000,0.000000,0.00015000
5,24,3.441631,0.000171,96.8383,0.000000,0.000000,0.000000,0.000000,0.000000,0.00015000
5,25,2.946862,0.000149,53.9474,0.000000,0.000000,0.000000,0.000000,0.000000,0.00015000
5,26,2.893593,0.000154,28.7556,0.000000,0.000000,0.000000,0.000000,0.000000,0.00015000
5,27,2.359466,0.000135,19.5468,0.000000,0.000000,0.000000,0.000000,0.000000,0.00015000
5,28,3.176260,0.000121,97.2929,0.000000,0.000000,0.000000,0.000000,0.000000,0.00015000
5,29,2.366340,0.000104,77.6600,0.000000,0.000000,0.000000,0.000000,0.000000,0.00015000
5,30,3.112347,0.000143,30.3727,0.000000,0.000000,0.000000,0.000000,0.000000,0.00015000
5,31,2.619182,0.000135,26.4416,0.000000,0.000000,0.000000,0.000000,0.000000,0.00015000
5,32,2.991494,0.000142,94.2700,0.000000,0.000000,0.000000,0.000000,0.000000,0.00015000
5,33,2.857970,0.000149,63.3629,0.000000,0.000000,0.000000,0.000000,0.000000,0.00015000
5,34,2.823469,0.000154,33.0633,0.000000,0.000000,0.000000,0.000000,0.000000,0.00015000
5,35,2.615222,0.000128,27.8891,0.000000,0.000000,0.000000,0.000000,0.000000,0.00015000
5,36,3.117825,0.000147,63.8149,0.000000,0.000000,0.000000,0.000000,0.000000,0.00015000
5,37,2.393894,0.000132,21.9412,0.000000,0.000000,0.000000,0.000000,0.000000,0.00015000
5,38,2.964769,0.000135,48.7072,0.000000,0.000000,0.000000,0.000000,0.000000,0.00015000
5,39,2.858913,0.000129,31.8810,0.000000,0.000000,0.000000,0.000000,0.000000,0.00015000
5,40,3.027657,0.000140,48.3444,0.000000,0.000000,0.000000,0.000000,0.000000,0.00015000
5,41,2.574370,0.000138,21.3195,0.000000,0.000000,0.000000,0.000000,0.000000,0.00015000
5,42,2.736615,0.000137,41.0463,0.000000,0.000000,0.000000,0.000000,0.000000,0.00015000
5,43,2.661959,0.000153,24.6665,0.000000,0.000000,0.000000,0.000000,0.000000,0.00015000
5,44,3.928179,0.000194,36.2691,0.000000,0.000000,0.000000,0.000000,0.000000,0.00015000
5,45,2.917400,0.000194,26.0569,0.000000,0.000000,0.000000,0.000000,0.000000,0.00015000
5,46,3.119630,0.000141,32.1015,0.000000,0.000000,0.000000,0.000000,0.000000,0.00015000
5,47,3.032147,0.000172,25.7379,0.000000,0.000000,0.000000,0.000000,0.000000,0.00015000
5,48,3.018900,0.000180,35.3472,0.000000,0.000000,0.000000,0.000000,0.000000,0.00015000
5,49,2.705917,0.000149,28.3537,0.000000,0.000000,0.000000,0.000000,0.000000,0.00015000
5,50,3.137512,0.000146,32.3064,0.000000,0.000000,0.000000,0.000000,0.000000,0.00015000
5,51,3.142135,0.000162,30.9619,0.000000,0.000000,0.000000,0.000000,0.000000,0.00015000
5,52,2.696824,0.000164,39.4615,0.000000,0.000000,0.000000,0.000000,0.000000,0.00015000
5,53,4.334310,0.000194,55.3065,0.000000,0.000000,0.000000,0.000000,0.000000,0.00015000
5,54,2.530809,0.000131,18.5180,0.000000,0.000000,0.000000,0.000000,0.000000,0.00015000
5,55,2.767058,0.000131,39.6134,0.000000,0.000000,0.000000,0.000000,0.000000,0.00015000
5,56,2.363285,0.000106,30.4804,0.000000,0.000000,0.000000,0.000000,0.000000,0.00015000
5,57,2.669356,0.000128,33.8941,0.000000,0.000000,0.000000,0.000000,0.000000,0.00015000
5,58,2.693526,0.000155,23.3316,0.000000,0.000000,0.000000,0.000000,0.000000,0.00015000
5,59,3.614266,0.000204,26.3052,0.000000,0.000000,0.000000,0.000000,0.000000,0.00015000
5,60,2.863267,0.000175,37.9891,0.000000,0.000000,0.000000,0.000000,0.000000,0.00015000
5,61,2.680522,0.000146,19.4659,0.000000,0.000000,0.000000,0.000000,0.000000,0.00015000
5,62,2.332388,0.000131,18.5039,0.000000,0.000000,0.000000,0.000000,0.000000,0.00015000
5,63,2.402120,0.000145,38.6040,0.000000,0.000000,0.000000,0.000000,0.000000,0.00015000
5,64,2.438559,0.000108,27.9462,0.000000,0.000000,0.000000,0.000000,0.000000,0.00015000
5,65,2.652215,0.000114,20.0665,0.000000,0.000000,0.000000,0.000000,0.000000,0.00015000
5,66,2.566846,0.000120,27.6617,0.000000,0.000000,0.000000,0.000000,0.000000,0.00015000
5,67,2.710344,0.000120,27.3537,0.000000,0.000000,0.000000,0.000000,0.000000,0.00015000
5,68,2.692724,0.000136,34.7580,0.000000,0.000000,0.000000,0.000000,0.000000,0.00015000
5,69,2.919122,0.000132,39.8898,0.000000,0.000000,0.000000,0.000000,0.000000,0.00015000
5,70,2.763421,0.000136,23.7090,0.000000,0.000000,0.000000,0.000000,0.000000,0.00015000
5,71,2.553813,0.000134,35.0265,0.000000,0.000000,0.000000,0.000000,0.000000,0.00015000
5,72,2.380207,0.000127,22.2244,0.000000,0.000000,0.000000,0.000000,0.000000,0.00015000
5,73,3.141837,0.000142,56.9490,0.000000,0.000000,0.000000,0.000000,0.000000,0.00015000
5,74,2.472023,0.000134,23.6033,0.000000,0.000000,0.000000,0.000000,0.000000,0.00015000
5,75,2.929976,0.000119,80.7882,0.000000,0.000000,0.000000,0.000000,0.000000,0.00015000
5,76,2.815733,0.000151,50.4959,0.000000,0.000000,0.000000,0.000000,0.000000,0.00015000
5,77,2.588278,0.000128,25.7980,0.000000,0.000000,0.000000,0.000000,0.000000,0.00015000
5,78,2.132362,0.000100,29.6873,0.000000,0.000000,0.000000,0.000000,0.000000,0.00015000
5,79,2.573999,0.000110,46.4573,0.000000,0.000000,0.000000,0.000000,0.000000,0.00015000
5,80,2.341277,0.000111,17.9900,0.000000,0.000000,0.000000,0.000000,0.000000,0.00015000
5,81,2.655589,0.000157,36.5077,0.000000,0.000000,0.000000,0.000000,0.000000,0.00015000
5,82,2.939343,0.000147,32.2440,0.000000,0.000000,0.000000,0.000000,0.000000,0.00015000
5,83,2.567146,0.000151,29.9990,0.000000,0.000000,0.000000,0.000000,0.000000,0.00015000
5,84,2.879809,0.000126,63.9032,0.000000,0.000000,0.000000,0.000000,0.000000,0.00015000
5,85,2.569480,0.000143,25.5358,0.000000,0.000000,0.000000,0.000000,0.000000,0.00015000
5,86,2.845205,0.000153,34.2656,0.000000,0.000000,0.000000,0.000000,0.000000,0.00015000
5,87,2.563322,0.000130,23.7838,0.000000,0.000000,0.000000,0.000000,0.000000,0.00015000
5,88,2.849791,0.000139,45.7956,0.000000,0.000000,0.000000,0.000000,0.000000,0.00015000
5,89,2.734580,0.000140,23.0190,0.000000,0.000000,0.000000,0.000000,0.000000,0.00015000
5,90,2.591218,0.000135,32.1432,0.000000,0.000000,0.000000,0.000000,0.000000,0.00015000
5,91,3.062756,0.000140,46.4150,0.000000,0.000000,0.000000,0.000000,0.000000,0.00015000
5,92,2.928376,0.000165,22.9364,0.000000,0.000000,0.000000,0.000000,0.000000,0.00015000
5,93,3.105928,0.000110,40.2089,0.000000,0.000000,0.000000,0.000000,0.000000,0.00015000
5,94,2.693151,0.000142,30.6547,0.000000,0.000000,0.000000,0.000000,0.000000,0.00015000
5,95,2.903364,0.000127,33.2018,0.000000,0.000000,0.000000,0.000000,0.000000,0.00015000
5,96,2.272246,0.000109,19.3017,0.000000,0.000000,0.000000,0.000000,0.000000,0.00015000
5,97,3.314393,0.000181,92.5875,0.000000,0.000000,0.000000,0.000000,0.000000,0.00015000
5,98,2.990258,0.000140,30.1109,0.000000,0.000000,0.000000,0.000000,0.000000,0.00015000
5,99,2.663614,0.000131,35.8924,0.000000,0.000000,0.000000,0.000000,0.000000,0.00015000
5,100,2.417801,0.000148,23.5905,0.000000,0.000000,0.000000,0.000000,0.000000,0.00015000
5,101,2.872548,0.000123,69.9282,0.000000,0.000000,0.000000,0.000000,0.000000,0.00015000
5,102,2.005626,0.000104,21.1947,0.000000,0.000000,0.000000,0.000000,0.000000,0.00015000
5,103,3.528748,0.000152,70.2510,0.000000,0.000000,0.000000,0.000000,0.000000,0.00015000
5,104,3.010041,0.000137,42.5432,0.000000,0.000000,0.000000,0.000000,0.000000,0.00015000
5,105,2.428028,0.000123,26.4360,0.000000,0.000000,0.000000,0.000000,0.000000,0.00015000
5,106,2.432401,0.000152,22.2181,0.000000,0.000000,0.000000,0.000000,0.000000,0.00015000
5,107,3.190863,0.000160,85.2324,0.000000,0.000000,0.000000,0.000000,0.000000,0.00015000
5,108,3.247893,0.000170,35.1663,0.000000,0.000000,0.000000,0.000000,0.000000,0.00015000
5,109,2.632242,0.000141,30.0043,0.000000,0.000000,0.000000,0.000000,0.000000,0.00015000
5,110,2.529859,0.000143,41.2524,0.000000,0.000000,0.000000,0.000000,0.000000,0.00015000
5,111,2.106434,0.000148,25.2088,0.000000,0.000000,0.000000,0.000000,0.000000,0.00015000
5,112,3.367167,0.000111,78.5860,0.000000,0.000000,0.000000,0.000000,0.000000,0.00015000
5,113,3.209896,0.000117,56.3696,0.000000,0.000000,0.000000,0.000000,0.000000,0.00015000
5,114,2.578768,0.000114,28.4323,0.000000,0.000000,0.000000,0.000000,0.000000,0.00015000
5,115,2.354028,0.000130,29.2462,0.000000,0.000000,0.000000,0.000000,0.000000,0.00015000
5,116,2.554970,0.000131,26.4635,0.000000,0.000000,0.000000,0.000000,0.000000,0.00015000
5,117,2.770410,0.000136,25.4814,0.000000,0.000000,0.000000,0.000000,0.000000,0.00015000
5,118,2.575099,0.000135,29.6692,0.000000,0.000000,0.000000,0.000000,0.000000,0.00015000
5,119,2.650447,0.000155,26.3720,0.000000,0.000000,0.000000,0.000000,0.000000,0.00015000
5,120,2.709742,0.000158,30.7197,0.000000,0.000000,0.000000,0.000000,0.000000,0.00015000
5,121,2.876740,0.000156,32.3275,0.000000,0.000000,0.000000,0.000000,0.000000,0.00015000
5,122,2.282356,0.000123,17.8617,0.000000,0.000000,0.000000,0.000000,0.000000,0.00015000
5,123,3.065801,0.000139,99.6099,0.000000,0.000000,0.000000,0.000000,0.000000,0.00015000
5,124,2.627640,0.000119,47.8782,0.000000,0.000000,0.000000,0.000000,0.000000,0.00015000
5,125,2.743468,0.000129,30.7266,0.000000,0.000000,0.000000,0.000000,0.000000,0.00015000
5,126,2.715755,0.000166,25.8082,0.000000,0.000000,0.000000,0.000000,0.000000,0.00015000
5,127,3.460716,0.000167,94.1502,0.000000,0.000000,0.000000,0.000000,0.000000,0.00015000
5,128,2.682564,0.000141,57.3428,0.000000,0.000000,0.000000,0.000000,0.000000,0.00015000
5,129,2.872554,0.000155,31.6858,0.000000,0.000000,0.000000,0.000000,0.000000,0.00015000
5,130,2.785670,0.000160,30.6292,0.000000,0.000000,0.000000,0.000000,0.000000,0.00015000
5,131,2.778408,0.000191,46.8855,0.000000,0.000000,0.000000,0.000000,0.000000,0.00015000
5,132,2.932486,0.000113,36.5943,0.000000,0.000000,0.000000,0.000000,0.000000,0.00015000
5,133,2.902995,0.000121,27.8181,0.000000,0.000000,0.000000,0.000000,0.000000,0.00015000
5,134,2.503180,0.000128,29.6324,0.000000,0.000000,0.000000,0.000000,0.000000,0.00015000
5,135,2.640708,0.000131,32.5090,0.000000,0.000000,0.000000,0.000000,0.000000,0.00015000
5,136,2.395210,0.000125,26.3773,0.000000,0.000000,0.000000,0.000000,0.000000,0.00015000
5,137,2.722363,0.000127,45.5312,0.000000,0.000000,0.000000,0.000000,0.000000,0.00015000
5,138,2.583144,0.000119,19.7195,0.000000,0.000000,0.000000,0.000000,0.000000,0.00015000
5,139,2.778003,0.000127,31.6381,0.000000,0.000000,0.000000,0.000000,0.000000,0.00015000
5,140,2.298359,0.000133,22.0407,0.000000,0.000000,0.000000,0.000000,0.000000,0.00015000
5,141,2.762983,0.000121,52.8000,0.000000,0.000000,0.000000,0.000000,0.000000,0.00015000
5,142,2.081417,0.000155,24.6240,0.000000,0.000000,0.000000,0.000000,0.000000,0.00015000
5,143,2.934548,0.000129,25.7587,0.000000,0.000000,0.000000,0.000000,0.000000,0.00015000
5,144,2.614714,0.000145,21.9197,0.000000,0.000000,0.000000,0.000000,0.000000,0.00015000
5,145,2.336109,0.000129,31.9178,0.000000,0.000000,0.000000,0.000000,0.000000,0.00015000
5,146,2.580452,0.000090,35.8259,0.000000,0.000000,0.000000,0.000000,0.000000,0.00015000
5,147,2.165776,0.000116,22.7915,0.000000,0.000000,0.000000,0.000000,0.000000,0.00015000
5,148,2.775977,0.000135,49.5339,0.000000,0.000000,0.000000,0.000000,0.000000,0.00015000
5,149,2.195682,0.000122,23.2214,0.000000,0.000000,0.000000,0.000000,0.000000,0.00015000
5,150,2.441422,0.000116,30.4242,0.000000,0.000000,0.000000,0.000000,0.000000,0.00015000
5,151,2.466269,0.000132,29.5565,0.000000,0.000000,0.000000,0.000000,0.000000,0.00015000
5,152,2.404135,0.000120,29.2104,0.000000,0.000000,0.000000,0.000000,0.000000,0.00015000
5,153,2.529806,0.000149,28.6501,0.000000,0.000000,0.000000,0.000000,0.000000,0.00015000
5,154,2.654821,0.000143,38.7075,0.000000,0.000000,0.000000,0.000000,0.000000,0.00015000
5,155,2.573287,0.000175,28.2947,0.000000,0.000000,0.000000,0.000000,0.000000,0.00015000
5,156,2.947977,0.000181,39.6115,0.000000,0.000000,0.000000,0.000000,0.000000,0.00015000
5,157,2.817121,0.000148,24.9273,0.000000,0.000000,0.000000,0.000000,0.000000,0.00015000
5,158,2.826348,0.000158,49.6936,0.000000,0.000000,0.000000,0.000000,0.000000,0.00015000
5,159,3.264347,0.000191,25.1387,0.000000,0.000000,0.000000,0.000000,0.000000,0.00015000
5,160,3.068324,0.000153,54.3721,0.000000,0.000000,0.000000,0.000000,0.000000,0.00015000
5,161,2.355347,0.000118,24.7628,0.000000,0.000000,0.000000,0.000000,0.000000,0.00015000
5,162,2.947654,0.000123,40.7795,0.000000,0.000000,0.000000,0.000000,0.000000,0.00015000
5,163,2.603293,0.000134,23.4498,0.000000,0.000000,0.000000,0.000000,0.000000,0.00015000
5,164,2.596453,0.000118,54.5263,0.000000,0.000000,0.000000,0.000000,0.000000,0.00015000
5,165,2.243795,0.000124,17.7559,0.000000,0.000000,0.000000,0.000000,0.000000,0.00015000
5,166,2.729206,0.000128,36.5115,0.000000,0.000000,0.000000,0.000000,0.000000,0.00015000
5,167,2.610709,0.000133,30.6100,0.000000,0.000000,0.000000,0.000000,0.000000,0.00015000
5,168,2.432590,0.000146,21.5256,0.000000,0.000000,0.000000,0.000000,0.000000,0.00015000
5,169,2.889899,0.000151,61.5809,0.000000,0.000000,0.000000,0.000000,0.000000,0.00015000
5,170,2.003994,0.000105,20.4601,0.000000,0.000000,0.000000,0.000000,0.000000,0.00015000
5,171,3.008316,0.000118,58.7732,0.000000,0.000000,0.000000,0.000000,0.000000,0.00015000
5,172,2.948348,0.000122,43.8736,0.000000,0.000000,0.000000,0.000000,0.000000,0.00015000
5,173,2.747691,0.000156,30.4561,0.000000,0.000000,0.000000,0.000000,0.000000,0.00015000
5,174,2.758430,0.000175,54.5700,0.000000,0.000000,0.000000,0.000000,0.000000,0.00015000
5,175,3.096633,0.000132,20.7259,0.000000,0.000000,0.000000,0.000000,0.000000,0.00015000
5,176,2.883073,0.000221,28.8119,0.000000,0.000000,0.000000,0.000000,0.000000,0.00015000
5,177,2.987926,0.000120,50.7424,0.000000,0.000000,0.000000,0.000000,0.000000,0.00015000
5,178,2.570865,0.000126,19.3290,0.000000,0.000000,0.000000,0.000000,0.000000,0.00015000
5,179,2.232432,0.000111,43.0677,0.000000,0.000000,0.000000,0.000000,0.000000,0.00015000
5,180,2.376040,0.000110,29.2409,0.000000,0.000000,0.000000,0.000000,0.000000,0.00015000
5,181,3.445781,0.000166,50.4534,0.000000,0.000000,0.000000,0.000000,0.000000,0.00015000
5,182,2.738848,0.000133,51.6376,0.000000,0.000000,0.000000,0.000000,0.000000,0.00015000
5,183,2.858218,0.000151,38.8088,0.000000,0.000000,0.000000,0.000000,0.000000,0.00015000
5,184,2.646899,0.000115,33.5216,0.000000,0.000000,0.000000,0.000000,0.000000,0.00015000
5,185,2.168647,0.000089,56.9321,0.000000,0.000000,0.000000,0.000000,0.000000,0.00015000
5,186,2.923173,0.000154,32.7482,0.000000,0.000000,0.000000,0.000000,0.000000,0.00015000
5,187,2.835272,0.000167,23.2574,0.000000,0.000000,0.000000,0.000000,0.000000,0.00015000
5,188,3.641284,0.000160,67.6476,0.000000,0.000000,0.000000,0.000000,0.000000,0.00015000
5,189,2.568113,0.000149,40.4522,0.000000,0.000000,0.000000,0.000000,0.000000,0.00015000
5,190,3.160326,0.000159,39.7522,0.000000,0.000000,0.000000,0.000000,0.000000,0.00015000
5,191,3.065277,0.000196,32.6380,0.000000,0.000000,0.000000,0.000000,0.000000,0.00015000
5,192,2.463385,0.000146,35.8375,0.000000,0.000000,0.000000,0.000000,0.000000,0.00015000
5,193,2.475729,0.000155,27.8411,0.000000,0.000000,0.000000,0.000000,0.000000,0.00015000
5,194,2.858841,0.000133,33.9505,0.000000,0.000000,0.000000,0.000000,0.000000,0.00015000
5,195,2.222330,0.000116,20.5220,0.000000,0.000000,0.000000,0.000000,0.000000,0.00015000
5,196,3.481299,0.000184,88.2311,0.000000,0.000000,0.000000,0.000000,0.000000,0.00015000
5,197,2.875386,0.000185,45.4879,0.000000,0.000000,0.000000,0.000000,0.000000,0.00015000
5,198,3.262121,0.000178,31.7786,0.000000,0.000000,0.000000,0.000000,0.000000,0.00015000
5,199,2.736058,0.000173,32.4139,0.000000,0.000000,0.000000,0.000000,0.000000,0.00015000
5,200,2.904756,0.000143,53.6658,0.000000,0.000000,0.000000,0.000000,0.000000,0.00015000
5,201,2.538309,0.000173,23.3913,0.000000,0.000000,0.000000,0.000000,0.000000,0.00015000
5,202,3.176996,0.000135,37.9667,0.000000,0.000000,0.000000,0.000000,0.000000,0.00015000
5,203,2.775538,0.000136,28.5916,0.000000,0.000000,0.000000,0.000000,0.000000,0.00015000
5,204,2.507532,0.000118,55.1819,0.000000,0.000000,0.000000,0.000000,0.000000,0.00015000
5,205,2.519299,0.000144,28.3439,0.000000,0.000000,0.000000,0.000000,0.000000,0.00015000
5,206,4.251698,0.000314,65.7457,0.000000,0.000000,0.000000,0.000000,0.000000,0.00015000
5,207,3.421324,0.000229,29.0734,0.000000,0.000000,0.000000,0.000000,0.000000,0.00015000
5,208,4.376129,0.000358,42.7956,0.000000,0.000000,0.000000,0.000000,0.000000,0.00015000
5,209,3.661548,0.000306,40.1304,0.000000,0.000000,0.000000,0.000000,0.000000,0.00015000
5,210,3.270538,0.000218,60.3581,0.000000,0.000000,0.000000,0.000000,0.000000,0.00015000
5,211,4.454729,0.000126,55.8090,0.000000,0.000000,0.000000,0.000000,0.000000,0.00015000
5,212,3.277739,0.000119,25.1830,0.000000,0.000000,0.000000,0.000000,0.000000,0.00015000
5,213,3.187919,0.000126,23.9195,0.000000,0.000000,0.000000,0.000000,0.000000,0.00015000
5,214,2.278897,0.000123,22.0242,0.000000,0.000000,0.000000,0.000000,0.000000,0.00015000
5,215,2.904500,0.000127,47.0950,0.000000,0.000000,0.000000,0.000000,0.000000,0.00015000
5,216,2.392659,0.000127,20.1611,0.000000,0.000000,0.000000,0.000000,0.000000,0.00015000
5,217,2.710687,0.000119,63.3699,0.000000,0.000000,0.000000,0.000000,0.000000,0.00015000
5,218,2.481900,0.000128,21.0998,0.000000,0.000000,0.000000,0.000000,0.000000,0.00015000
5,219,3.519085,0.000217,32.6641,0.000000,0.000000,0.000000,0.000000,0.000000,0.00015000
5,220,2.706722,0.000115,36.9556,0.000000,0.000000,0.000000,0.000000,0.000000,0.00015000
5,221,2.543741,0.000117,33.1909,0.000000,0.000000,0.000000,0.000000,0.000000,0.00015000
5,222,2.315070,0.000112,29.2328,0.000000,0.000000,0.000000,0.000000,0.000000,0.00015000
5,223,2.998966,0.000125,42.8847,0.000000,0.000000,0.000000,0.000000,0.000000,0.00015000
5,224,2.084924,0.000072,25.4841,0.000000,0.000000,0.000000,0.000000,0.000000,0.00015000
