fold,epoch,train_loss,val_mae
P1,1,0.050448235065218,12.095915
P1,2,0.020653622491019114,11.865246
P1,3,0.02035111283499097,11.980753
P1,4,0.020404048382289826,11.591324
P1,5,0.01996070525002858,10.7314005
P1,6,0.019951914037976946,12.22107
P1,7,0.019604594934554326,10.730905
P1,8,0.019234697024027508,10.8073225
P1,9,0.019283604054223923,10.07252
P1,10,0.019332603802756657,10.595301
P1,11,0.019094469055296884,9.598983
P1,12,0.01902397189821516,10.137365
P1,13,0.018923438730694,10.762739
P1,14,0.01879523860083686,9.982448
P1,15,0.018702073702736507,10.300684
P1,16,0.018536157078213163,10.035522
P1,17,0.018320465844775004,9.768318
P1,18,0.01843971203243922,10.604744
P1,19,0.018284599932413253,9.700525
P1,20,0.017891840329245914,10.323649
P1,21,0.018051358442457897,9.938147
P1,22,0.018166826830969915,10.015494
P1,23,0.01772607413549272,10.205876
P1,24,0.017746835473984007,9.879708
P1,25,0.017585140372079516,10.12252
P1,26,0.01764944999937027,10.028912
P1,27,0.017838001251220703,9.856714
P1,28,0.01746801251456851,9.945881
P1,29,0.01741249409932939,10.02637
P1,30,0.017635846894884868,9.998658
P2,1,0.03730550550279163,11.454075
P2,2,0.020824980168115525,12.468444
P2,3,0.020408654023730564,11.079129
P2,4,0.01993108931041899,11.205082
P2,5,0.01953290757678804,10.768666
P2,6,0.019328848710135807,10.7304125
P2,7,0.01903811144450354,10.765984
P2,8,0.019165505492498004,10.409558
P2,9,0.019149765135749938,10.654774
P2,10,0.018726180470179,10.96269
P2,11,0.018637537956237793,10.495291
P2,12,0.01850602078059363,11.583675
P2,13,0.018098234184204587,10.628252
P2,14,0.018489332426161992,11.3330345
P2,15,0.01774893866644965,10.885474
P2,16,0.0178868571917216,11.477595
P2,17,0.01791868039539882,11.288466
P2,18,0.01744309871915787,10.966905
P2,19,0.01780079376129877,10.300903
P2,20,0.017498584966810924,10.455484
P2,21,0.016926540268792048,10.316074
P2,22,0.017270976588839575,11.146269
P2,23,0.016954639601329015,10.790045
P2,24,0.01676786608166165,10.996944
P2,25,0.01680950229130094,11.131491
P2,26,0.016795119595906093,10.876787
P2,27,0.016789478915078298,11.163938
P2,28,0.016468155005621533,11.219078
P2,29,0.0163322337090023,11.17864
P2,30,0.016642559142339797,11.146833
P3,1,0.05296297205819024,11.164242
P3,2,0.020748290750715468,11.060785
P3,3,0.02043032835400294,11.164082
P3,4,0.02041880100492447,11.116664
P3,5,0.020377381453438412,11.212852
P3,6,0.020359464107997834,11.163442
P3,7,0.020123555546715147,11.180802
P3,8,0.019978555421980602,11.229964
P3,9,0.01986760374099489,11.208916
P3,10,0.019977511867644297,11.176935
P3,11,0.019698704992021834,11.060144
P3,12,0.01982349535775563,10.8279085
P3,13,0.01950979895061917,10.508761
P3,14,0.019103290542723642,10.39152
P3,15,0.019418566945999388,10.244407
P3,16,0.019471136350480336,10.745037
P3,17,0.01906796201827034,10.627062
P3,18,0.018946340159764364,10.565878
P3,19,0.01877914061622014,10.871523
P3,20,0.01871934864256117,10.2644005
P3,21,0.018538346366276815,10.150717
P3,22,0.018414960021064394,10.152397
P3,23,0.018366217613220215,10.528267
P3,24,0.018521537856450155,10.134752
P3,25,0.018299002496023026,10.222472
P3,26,0.01807626277681381,9.984828
P3,27,0.018168629161895267,9.966887
P3,28,0.01796136110547989,9.905757
P3,29,0.018026188252464173,9.894719
P3,30,0.017797202344924684,9.957748
P4,1,0.053231469222477505,10.251403
P4,2,0.020905774737161303,10.27091
P4,3,0.020573654818156407,10.278566
P4,4,0.020511213749174088,10.21848
P4,5,0.020634259496416365,10.176831
P4,6,0.020473794331626285,10.118363
P4,7,0.02024351509790572,10.246172
P4,8,0.02007240624654861,10.205486
P4,9,0.019946267680516317,10.36923
P4,10,0.019920731347704692,10.240318
P4,11,0.019725939584156825,10.448365
P4,12,0.019739487814524816,10.166551
P4,13,0.019255952229575504,10.175623
P4,14,0.019477280359419567,10.205244
P4,15,0.019274878123449902,10.172067
P4,16,0.019079474229661244,10.065981
P4,17,0.0192063431891184,10.218899
P4,18,0.018775196302504765,10.518822
P4,19,0.018842678221445235,10.603625
P4,20,0.018752247568160768,10.3864355
P4,21,0.018694824642605253,10.286789
P4,22,0.018591531685420444,10.477267
P4,23,0.0185184223311288,10.32508
P4,24,0.018260817679147872,10.37369
P4,25,0.018129479317438035,10.577566
P4,26,0.018267006155044313,10.401262
P4,27,0.017974899874793157,10.412377
P4,28,0.018038715635027205,10.430257
P4,29,0.01799641809766255,10.427865
P4,30,0.017859953736502027,10.412971
P5,1,0.044558822162567624,10.815728
P5,2,0.02064347267150879,10.6640215
P5,3,0.020339247726258777,10.747168
P5,4,0.020423681016952272,10.662221
P5,5,0.020064476936582535,10.887968
P5,6,0.0196039979420011,10.743328
P5,7,0.019677897294362385,10.975785
P5,8,0.019690193827190096,10.354645
P5,9,0.019342153791397337,10.644224
P5,10,0.019268331073579333,10.880805
P5,11,0.019237493711804585,10.489746
P5,12,0.018584991258288188,10.228787
P5,13,0.018796772237807985,10.3475485
P5,14,0.01845475605555943,10.820762
P5,15,0.01816355235992916,10.562674
P5,16,0.018442742408268036,10.470375
P5,17,0.018196980158487957,10.07617
P5,18,0.01779481815913367,10.014231
P5,19,0.017636904640803263,10.318608
P5,20,0.017981068482474674,11.138221
P5,21,0.017847202126941984,10.849746
P5,22,0.01752472207659767,10.500878
P5,23,0.01730048940295265,10.667915
P5,24,0.01780421014816042,10.288365
P5,25,0.017477726179455953,10.279759
P5,26,0.017201379178062318,10.389852
P5,27,0.017169849267081608,10.412533
P5,28,0.016912662793719578,10.361927
P5,29,0.01729660090946016,10.460714
P5,30,0.0172886261864314,10.4128475
P6,1,0.037618683444129095,10.170193
P6,2,0.020824317894284686,10.258293
P6,3,0.020386584221370636,10.304951
P6,4,0.020487267819661942,10.18541
P6,5,0.020172968743339417,9.822845
P6,6,0.01980513334274292,10.171139
P6,7,0.019922037919362385,9.966383
P6,8,0.019592326784890795,9.686088
P6,9,0.01948681426426721,9.595627
P6,10,0.019485285357823446,9.49615
P6,11,0.0193910314923241,9.731316
P6,12,0.019128410589127315,9.956963
P6,13,0.018799486614408948,9.265381
P6,14,0.01842461313520159,9.398834
P6,15,0.018658998466673352,9.328625
P6,16,0.0183823789869036,9.476632
P6,17,0.018414679973844498,9.598969
P6,18,0.018505330123598614,9.742433
P6,19,0.01817641844825139,9.181836
P6,20,0.018039920027293856,9.275307
P6,21,0.01825916956341456,9.342572
P6,22,0.0177169782774789,9.440972
P6,23,0.01759295047275604,9.511033
P6,24,0.017864449629707943,9.531266
P6,25,0.01785126281163049,9.555206
P6,26,0.017670713719867524,9.432483
P6,27,0.017505512351081484,9.424294
P6,28,0.01765729889037117,9.355577
P6,29,0.0176143002888513,9.352436
P6,30,0.017448914429498096,9.341263
P7,1,0.054248816437191434,10.779148
P7,2,0.020620891972193644,10.806736
P7,3,0.020458456069704086,10.730686
P7,4,0.02044418974528237,10.869824
P7,5,0.02022416629488506,10.725719
P7,6,0.020613998647720094,10.579972
P7,7,0.019757282166253953,10.465619
P7,8,0.0196884690769135,10.317567
P7,9,0.01991330347363911,10.939496
P7,10,0.01975538522478134,10.469875
P7,11,0.019457465126400904,10.779411
P7,12,0.019575183353726825,10.40597
P7,13,0.019438016982305618,10.758793
P7,14,0.01904302646243383,10.39352
P7,15,0.01910252608950176,10.611455
P7,16,0.018841426523904952,10.479486
P7,17,0.018796083473023913,10.259553
P7,18,0.018473048058767167,10.389112
P7,19,0.01887637566006373,9.981715
P7,20,0.018619743604508656,10.003547
P7,21,0.01854361711986481,10.308484
P7,22,0.01801498541756282,10.2797575
P7,23,0.01818479337389507,10.176189
P7,24,0.017556831004127624,10.726001
P7,25,0.017960315658932642,10.092551
P7,26,0.017843518938337053,10.194965
P7,27,0.017935992233336917,10.221984
P7,28,0.017874514299725728,10.222699
P7,29,0.01761942534219651,10.199161
P7,30,0.017676955177670435,10.257566
P8,1,0.0333520287559146,10.510846
P8,2,0.020819216493576292,10.35719
P8,3,0.020653597892276825,10.351007
P8,4,0.02050005632733542,10.279706
P8,5,0.020499036425635928,10.568957
P8,6,0.02021052534618075,10.258476
P8,7,0.020026834238143193,10.161912
P8,8,0.02012845069643051,10.136881
P8,9,0.019237961087908064,10.0876465
P8,10,0.019731519714234366,9.96571
P8,11,0.01953897305897304,10.273686
P8,12,0.01940117563520159,10.215178
P8,13,0.01932584387915475,10.0262985
P8,14,0.018953681938231937,9.949156
P8,15,0.01909593457267398,9.627932
P8,16,0.01894639219556536,9.761948
P8,17,0.018774691082182385,9.665268
P8,18,0.01900479623249599,9.698266
P8,19,0.018299664769853865,9.484729
P8,20,0.018114926323058115,9.673324
P8,21,0.018270238997444274,9.38377
P8,22,0.01821990902461703,9.448543
P8,23,0.018325855807652548,9.381394
P8,24,0.017762151975480336,9.405752
P8,25,0.01792388397549826,9.2887535
P8,26,0.017613380674331908,9.350365
P8,27,0.01792565319273207,9.314772
P8,28,0.017652013945201085,9.274708
P8,29,0.017389619161212254,9.298715
P8,30,0.017378491068643236,9.320443
P9,1,0.04419800118794517,10.814335
P9,2,0.021136185479542567,10.645039
P9,3,0.020957313832782563,10.469527
P9,4,0.020623955461714003,10.6851425
P9,5,0.020535700851016574,10.307763
P9,6,0.020500722385588147,10.276002
P9,7,0.020330939027998183,10.51249
P9,8,0.020268085457029798,10.305822
P9,9,0.02026546663708157,9.8865185
P9,10,0.01984198982753451,9.89389
P9,11,0.019523459767538404,10.435451
P9,12,0.019236995114220515,11.014212
P9,13,0.01942326719798739,10.941668
P9,14,0.019042537325904482,10.133165
P9,15,0.01916728417078654,10.312911
P9,16,0.019274274508158367,10.2505245
P9,17,0.019012093544006348,10.38999
P9,18,0.01893569268877544,10.392453
P9,19,0.018600285053253174,10.54334
P9,20,0.018741759988996718,10.20169
P9,21,0.01852689470563616,10.371963
P9,22,0.01841959972230215,10.381074
P9,23,0.01825764917192005,10.233576
P9,24,0.0182970714947534,10.164435
P9,25,0.017924494213528104,10.361571
P9,26,0.01833434331984747,10.313238
P9,27,0.01780677314788576,10.240853
P9,28,0.017851448248303127,10.2036
P9,29,0.01762762429222228,10.201919
P9,30,0.0178761293017675,10.199145
P10,1,0.03706926864290994,9.690038
P10,2,0.021374283328888907,9.972918
P10,3,0.020709710461752757,10.114922
P10,4,0.02060121014004662,10.029923
P10,5,0.02056841150162712,9.732498
P10,6,0.020936361380985806,9.566043
P10,7,0.019958783709813677,9.354037
P10,8,0.020162383715311687,9.445992
P10,9,0.01976533636214241,9.863684
P10,10,0.019589496983422175,9.7788925
P10,11,0.019913622311183383,9.504402
P10,12,0.019055753473251585,9.253198
P10,13,0.01929262422379993,9.67501
P10,14,0.019368966420491535,9.303053
P10,15,0.018864081965552434,9.163986
P10,16,0.018457866850353423,9.18772
P10,17,0.018482844980936202,8.935097
P10,18,0.018469695060972183,9.695471
P10,19,0.01822348814161997,8.999629
P10,20,0.018488139387161012,9.498708
P10,21,0.01808583168756394,8.8636055
P10,22,0.01805802280940707,8.813217
P10,23,0.01781097858671158,8.849839
P10,24,0.01821830916026282,8.891135
P10,25,0.017883523116036068,8.999816
P10,26,0.017779694663153753,8.914786
P10,27,0.017805748515658908,8.943221
P10,28,0.017413025810605005,8.887742
P10,29,0.017412964313749283,8.888498
P10,30,0.017473615351177398,8.9073515
P11,1,0.04043442389321706,9.473982
P11,2,0.02106509606043498,9.593168
P11,3,0.020973689026302762,9.462416
P11,4,0.020760417930663577,9.503252
P11,5,0.02030439130843632,9.515297
P11,6,0.020336292092762297,9.351397
P11,7,0.020180230102841815,9.829588
P11,8,0.019853815199836852,9.862829
P11,9,0.019847949345906574,9.426691
P11,10,0.019894807111649288,9.515022
P11,11,0.019337244450099884,9.409287
P11,12,0.019477655963292196,9.786595
P11,13,0.019249760915362644,9.531101
P11,14,0.01897835826116895,9.152437
P11,15,0.019071875110505117,9.95489
P11,16,0.018543614281548396,9.847373
P11,17,0.018750105585370744,9.645521
P11,18,0.018414708357008678,9.94326
P11,19,0.017888243236238995,9.87892
P11,20,0.018292250141264902,9.649222
P11,21,0.01830160807049464,9.705597
P11,22,0.017713254406338648,9.929496
P11,23,0.018144946249704513,10.098858
P11,24,0.01791195169327751,10.27022
P11,25,0.017903534192887562,9.837557
P11,26,0.017778958593096052,10.024692
P11,27,0.017449358152964757,9.888668
P11,28,0.01737264319071694,9.966495
P11,29,0.01758775067707849,10.119895
P11,30,0.017434778667631604,10.027817
P12,1,0.04167591295545063,9.507783
P12,2,0.02067001282222687,9.717086
P12,3,0.02073458925126091,9.5726385
P12,4,0.020326438404264905,9.64775
P12,5,0.02000227617839026,10.030551
P12,6,0.019840346442328557,9.690269
P12,7,0.019496263965727793,9.591819
P12,8,0.01957328262783232,10.124089
P12,9,0.01946600940492418,9.67657
P12,10,0.019894464621468197,9.6309395
P12,11,0.018927465355585493,9.455755
P12,12,0.019138390109652563,9.409818
P12,13,0.018501156852358862,9.811203
P12,14,0.018701840014684768,9.533008
P12,15,0.01827428738276164,9.7763
P12,16,0.018900542978256468,9.301989
P12,17,0.018655899025145032,9.382281
P12,18,0.018384658154987153,9.46744
P12,19,0.01821139691367982,9.92866
P12,20,0.017850855986277264,9.418383
P12,21,0.017600575136759923,9.56926
P12,22,0.017787177411336747,9.443662
P12,23,0.017650693181961302,9.715815
P12,24,0.01768218619482858,9.684297
P12,25,0.01751755059711517,9.615158
P12,26,0.0173865036358909,9.601062
P12,27,0.017397256124587285,9.664539
P12,28,0.017365854883950853,9.61198
P12,29,0.017298084402841234,9.597008
P12,30,0.017128392817482116,9.608496
P13,1,0.06364758714797004,11.147217
P13,2,0.020793276173727854,10.848322
P13,3,0.020457204372163803,10.729963
P13,4,0.020271839603545175,10.947422
P13,5,0.019963968367803665,10.31542
P13,6,0.020150582941751632,10.6208515
P13,7,0.01959978871875339,10.478145
P13,8,0.019751798538934617,10.749756
P13,9,0.019730044735802546,9.8356695
P13,10,0.019383071906982907,10.127555
P13,11,0.018567687935299344,10.29601
P13,12,0.018760253512670123,10.004936
P13,13,0.01840825875600179,10.160104
P13,14,0.018284209190853058,9.773904
P13,15,0.017986305176265656,9.878973
P13,16,0.018390764319707476,9.463789
P13,17,0.018067025002979097,10.089955
P13,18,0.01812435899462019,10.058771
P13,19,0.01797576177687872,10.312994
P13,20,0.017781081653776624,9.839881
P13,21,0.017691954733833434,9.9787035
P13,22,0.017741991413964167,9.663844
P13,23,0.017378075728340756,9.762629
P13,24,0.01760877503289117,10.322334
P13,25,0.01711924870808919,9.783916
P13,26,0.016984669935135616,9.779918
P13,27,0.01696060479633392,9.882406
P13,28,0.01695846092133295,9.824178
P13,29,0.017202885377974736,9.823125
P13,30,0.01693207309359596,9.832259
P14,1,0.056095818678538,9.338353
P14,2,0.021014604303571913,9.666545
P14,3,0.0208024609656561,9.603545
P14,4,0.02061975569952102,9.237953
P14,5,0.020379214059738887,9.4101305
P14,6,0.020198921362559002,9.298497
P14,7,0.020052912689390637,9.393069
P14,8,0.01949770866878449,9.870506
P14,9,0.01946711634832715,9.254472
P14,10,0.018960521334693545,9.23954
P14,11,0.019086073315332807,9.108655
P14,12,0.018848745595841182,9.211963
P14,13,0.018608970301491872,9.189058
P14,14,0.01824595152385651,9.336078
P14,15,0.01836216260516454,9.236289
P14,16,0.018613590134514704,9.32027
P14,17,0.018183333533150808,9.210988
P14,18,0.018004364437527128,9.237739
P14,19,0.018024461609976634,9.145994
P14,20,0.017920162942674425,9.299597
P14,21,0.017708818117777508,9.205541
P14,22,0.01755357545519632,9.379698
P14,23,0.017563887058742463,9.534512
P14,24,0.017237013294583277,9.523549
P14,25,0.01733798450893826,9.398694
P14,26,0.017420272978525313,9.326072
P14,27,0.017091381171393017,9.2858305
P14,28,0.017276190576099214,9.343547
P14,29,0.017301912345583478,9.289976
P14,30,0.017098967045072525,9.290092
P15,1,0.05839095986078656,9.385075
P15,2,0.020885787312946623,9.450125
P15,3,0.020773433503650483,9.181769
P15,4,0.02058550478920104,9.064554
P15,5,0.02045352307576982,9.26842
P15,6,0.02003466799145653,9.049469
P15,7,0.02019257772536505,8.839195
P15,8,0.020110490776243665,9.11666
P15,9,0.020074952216375442,8.824217
P15,10,0.01954022286430238,8.66633
P15,11,0.0192551679081387,8.827843
P15,12,0.019028230318947445,9.215998
P15,13,0.019421619082254076,9.409664
P15,14,0.01933281383817158,8.621404
P15,15,0.018626536641802107,9.141899
P15,16,0.018816622476729137,8.867803
P15,17,0.018721202063182042,8.541571
P15,18,0.01872139885312035,8.659878
P15,19,0.018381220953805105,8.452294
P15,20,0.018545033439757334,8.336748
P15,21,0.018376914281693715,9.253727
P15,22,0.01872342730325366,8.479541
P15,23,0.018227314192151265,8.409467
P15,24,0.018207503689659968,8.49285
P15,25,0.018059444805932422,8.643164
P15,26,0.018312144847143264,8.420645
P15,27,0.017736769857860747,8.676188
P15,28,0.018085966034541056,8.601322
P15,29,0.01761671191170102,8.585272
P15,30,0.017877420735737636,8.633067
P16,1,0.09301325347688463,9.763724
P16,2,0.020928169999803816,9.55797
P16,3,0.02095321057334779,9.399866
P16,4,0.020940563981495207,9.285824
P16,5,0.020756200192466615,9.281351
P16,6,0.020467894417898997,10.664581
P16,7,0.02038089055863638,9.477586
P16,8,0.019815601053692046,9.137492
P16,9,0.01977548807386368,9.04874
P16,10,0.019776191976335313,9.128416
P16,11,0.019709987299782888,8.920908
P16,12,0.01925906018605308,8.895449
P16,13,0.019146768819718135,8.614121
P16,14,0.01870704170257326,8.911431
P16,15,0.019161084341624425,9.049338
P16,16,0.018694299554067945,8.550899
P16,17,0.019222868813408747,8.456397
P16,18,0.01862017313639323,8.147569
P16,19,0.0182947800272987,8.425537
P16,20,0.01832440353575207,8.50337
P16,21,0.01843337691019452,8.258006
P16,22,0.018351188727787564,8.722723
P16,23,0.01799984583778987,8.169718
P16,24,0.018016832215445384,8.266475
P16,25,0.018097417695181712,8.170609
P16,26,0.018229443875570146,8.255067
P16,27,0.017814854780832928,8.22927
P16,28,0.01768419761506338,8.161911
P16,29,0.01790539707456316,8.155058
P16,30,0.017527244393787687,8.1516075
P17,1,0.05161830357142857,9.840611
P17,2,0.02094615830315484,9.802084
P17,3,0.020678976225474523,9.847338
P17,4,0.020595067077212863,9.777512
P17,5,0.02029561050354488,9.780648
P17,6,0.020525443175482373,9.885495
P17,7,0.02021866752987816,9.749156
P17,8,0.019777519362313405,9.595535
P17,9,0.019453253064836775,9.57114
P17,10,0.019415946233840214,9.5694685
P17,11,0.01920411227241395,9.419592
P17,12,0.018930072822268048,9.204201
P17,13,0.019107356904044984,9.140455
P17,14,0.018736757929362947,9.149168
P17,15,0.01871014492852347,9.298721
P17,16,0.01854491044604589,9.663639
P17,17,0.018442926898835196,9.405491
P17,18,0.01807425608710637,9.382478
P17,19,0.017835374862428695,9.487804
P17,20,0.0178243877395751,9.320768
P17,21,0.017977999316321477,9.30428
P17,22,0.018268695899418423,9.363115
P17,23,0.017909912835984004,9.216457
P17,24,0.017530947450607542,9.117842
P17,25,0.01751553350024753,9.205918
P17,26,0.017460153216407412,9.228337
P17,27,0.017532186848776683,9.237698
P17,28,0.017560030732836043,9.257861
P17,29,0.01734914193077693,9.241987
P17,30,0.01719481036776588,9.239623
P18,1,0.05173661500688583,9.38748
P18,2,0.020887560314602323,9.510144
P18,3,0.02069270800030421,8.995147
P18,4,0.020393084912073044,9.05756
P18,5,0.02056696206804306,9.307643
P18,6,0.02015133888002426,9.418219
P18,7,0.019677734564221096,9.028016
P18,8,0.019660004547664096,9.2311735
P18,9,0.01924894915686713,9.036922
P18,10,0.01979849168232509,9.774554
P18,11,0.01944522630600702,9.06223
P18,12,0.018898285570598784,9.186633
P18,13,0.018558562748015872,9.0908375
P18,14,0.018882909464457677,9.134345
P18,15,0.01880306289309547,9.181024
P18,16,0.01837901368973747,8.923715
P18,17,0.01836227708392673,9.487314
P18,18,0.01824940670104254,9.211688
P18,19,0.018261962466769747,8.8831215
P18,20,0.01793418422577873,8.859518
P18,21,0.017939389698089114,9.112872
P18,22,0.01769156399227324,9.118394
P18,23,0.017961012938665966,8.894524
P18,24,0.01769021673808022,8.793668
P18,25,0.018075086767711336,8.815197
P18,26,0.017306232263171482,8.905022
P18,27,0.017367523814004564,8.836959
P18,28,0.01738093958960639,8.811228
P18,29,0.017546586574070037,8.78647
P18,30,0.01729317695375473,8.8326845
P19,1,0.0374748394602821,9.60665
P19,2,0.0206445644772242,9.466929
P19,3,0.02105792931147984,9.525108
P19,4,0.020379585879189626,9.379397
P19,5,0.020499597466181196,9.623733
P19,6,0.019803096377660357,9.731801
P19,7,0.019526768298376174,9.67132
P19,8,0.019420325756072998,9.4840765
P19,9,0.019199822630201067,9.146004
P19,10,0.01892014533754379,9.271256
P19,11,0.01915396111352103,9.391272
P19,12,0.01850554867396279,9.108309
P19,13,0.01848344670401679,9.284692
P19,14,0.018636232330685572,9.417209
P19,15,0.01794100280791994,9.474156
P19,16,0.018013986330183727,9.501008
P19,17,0.018299657201010084,9.344033
P19,18,0.01798041377748762,9.6421795
P19,19,0.018037732631441147,9.068375
P19,20,0.017999703921968976,9.283132
P19,21,0.017452199307699052,9.303493
P19,22,0.017615347627609496,9.329051
P19,23,0.017616767731923905,9.430765
P19,24,0.017315757653069874,9.329203
P19,25,0.017262950776115296,9.307645
P19,26,0.016962955868433393,9.49528
P19,27,0.01724299078895932,9.38546
P19,28,0.01694166092645554,9.392855
P19,29,0.01746149952449496,9.398105
P19,30,0.016941163274976943,9.387875
P20,1,0.03632411218824841,8.753305
P20,2,0.020829512959434873,9.211637
P20,3,0.0206118557188246,9.933768
P20,4,0.020702431126246378,11.6144085
P20,5,0.020423321496872676,9.220356
P20,6,0.019794106483459473,9.057389
P20,7,0.019745137010301863,10.171776
P20,8,0.019431227729434057,9.770412
P20,9,0.018953019664401098,11.313275
P20,10,0.0190199717642769,9.554277
P20,11,0.018883580253237768,12.766924
P20,12,0.01882218084638081,9.981674
P20,13,0.018716816864316425,9.760235
P20,14,0.01856733314574711,9.427177
P20,15,0.018244578724815733,10.337391
P20,16,0.017747265005868578,9.321964
P20,17,0.018006619006868393,12.172184
P20,18,0.018006022014315167,10.828158
P20,19,0.017640850846729582,11.048873
P20,20,0.01791989519482567,11.713692
P20,21,0.017184636895618742,12.690119
P20,22,0.017328078784639874,12.361863
P20,23,0.01730198898012676,12.427607
P20,24,0.0168294178114997,10.886383
P20,25,0.017417818780929323,12.045393
P20,26,0.017253151015629842,12.048782
P20,27,0.01703025045849028,12.232629
P20,28,0.01709902286529541,12.121722
P20,29,0.016936465861305358,11.911232
P20,30,0.016811703878735738,11.8494215
P21,1,0.04747674957154289,9.543588
P21,2,0.0205433207844931,9.339019
P21,3,0.020163569185468886,9.506156
P21,4,0.020072041995941647,9.504702
P21,5,0.02012830310397678,9.560739
P21,6,0.01978746009251428,9.648995
P21,7,0.019171229430607388,9.523033
P21,8,0.019208028202965147,9.689047
P21,9,0.018887773392692445,9.3174925
P21,10,0.01881397527361673,9.585332
P21,11,0.019068414256686254,9.469289
P21,12,0.018184122585114978,9.230075
P21,13,0.018427126937442355,9.344674
P21,14,0.017874526599096874,9.693169
P21,15,0.01844940866742815,9.782863
P21,16,0.017926952195545985,9.479405
P21,17,0.017960529478769454,9.5228
P21,18,0.01785857053030105,9.330535
P21,19,0.01777813264301845,10.363956
P21,20,0.017432093620300293,9.591749
P21,21,0.017370558920360747,9.852602
P21,22,0.017479661911252945,9.757795
P21,23,0.016804322363838317,9.78428
P21,24,0.017093367046780057,9.724332
P21,25,0.017354058840918164,9.880777
P21,26,0.017260690530141194,9.853791
P21,27,0.01699820775834341,9.844793
P21,28,0.017168012876359242,9.819073
P21,29,0.016985860135820176,9.856543
P21,30,0.017095472131456648,9.820875
P22,1,0.041201297252897236,9.719191
P22,2,0.02065143414906093,9.264654
P22,3,0.020359817951444596,9.174105
P22,4,0.020381372126321944,9.421953
P22,5,0.020295812024010554,9.301025
P22,6,0.020032193925645616,9.319208
P22,7,0.019401592867715017,8.829455
P22,8,0.019597779190729536,8.9687
P22,9,0.019373057380555166,9.271328
P22,10,0.01919555947894142,10.053771
P22,11,0.019088677943698944,9.101475
P22,12,0.01903378679638817,8.994269
P22,13,0.019176534243992398,9.124907
P22,14,0.018762589447082034,8.80357
P22,15,0.0186114301757207,9.082516
P22,16,0.01881817787412613,9.327377
P22,17,0.018242283472939144,9.32781
P22,18,0.017807946318671816,9.303617
P22,19,0.018454566834464906,9.065588
P22,20,0.018123288949330647,8.97204
P22,21,0.017927108302948965,8.721278
P22,22,0.018004490269554987,9.163294
P22,23,0.017510948673127188,9.109009
P22,24,0.017748384248642696,9.04902
P22,25,0.017805089080144488,8.932791
P22,26,0.017444322033533976,9.142135
P22,27,0.017400196620396206,9.034819
P22,28,0.017277314549400694,8.98756
P22,29,0.0172584369069054,8.978726
P22,30,0.017324742816743396,8.990727
P23,1,0.09005046742303031,9.119523
P23,2,0.02077286300205049,9.331442
P23,3,0.02021590584800357,9.216041
P23,4,0.02023335203291878,9.297604
P23,5,0.020200995225754994,9.291446
P23,6,0.019894492058526902,9.186186
P23,7,0.019238980989607555,9.122346
P23,8,0.019258520905933683,9.199336
P23,9,0.019287708259764173,9.322165
P23,10,0.01933751314405411,9.046992
P23,11,0.019085106395539782,9.15948
P23,12,0.018947778240082754,9.18373
P23,13,0.018453900776212177,9.082007
P23,14,0.018452145750560457,9.158482
P23,15,0.018248344224596782,8.955576
P23,16,0.018262880189078196,8.832777
P23,17,0.01782400267464774,8.8172245
P23,18,0.017821853123013934,9.028626
P23,19,0.018191184316362654,8.909949
P23,20,0.017444618164546906,9.360266
P23,21,0.01756804613840012,9.007811
P23,22,0.017500489477127318,8.99269
P23,23,0.017438462802342007,8.983848
P23,24,0.01757412581216721,8.908469
P23,25,0.017559011777242024,8.919285
P23,26,0.016950032067677333,8.978005
P23,27,0.01714489384303017,9.0663185
P23,28,0.01752968250759064,8.981453
P23,29,0.017046134623270186,8.971825
P23,30,0.01734791388587346,8.957589
P24,1,0.06226429106697204,8.770533
P24,2,0.020683636741032674,8.8158245
P24,3,0.02061473187946138,8.767399
P24,4,0.020618670516543917,9.681291
P24,5,0.020017022178286596,8.923305
P24,6,0.019744143599555605,9.169531
P24,7,0.020240053297981384,9.055086
P24,8,0.019891148521786646,9.051012
P24,9,0.019120724428267705,8.797455
P24,10,0.01960399699589563,8.777789
P24,11,0.0188831299070328,9.215127
P24,12,0.018776416778564453,9.664066
P24,13,0.018085493927910215,9.985445
P24,14,0.01846909239178612,9.124141
P24,15,0.01793492597246927,9.144746
P24,16,0.01830756948107765,8.846777
P24,17,0.018510833619132874,9.042269
P24,18,0.018312934845212906,9.386225
P24,19,0.017623930696457152,9.052099
P24,20,0.017640491326649983,9.177793
P24,21,0.017870549171689957,9.361012
P24,22,0.017990819991581024,9.5635195
P24,23,0.01741804395403181,9.05326
P24,24,0.017114534264519102,9.049559
P24,25,0.017442145044841463,9.256226
P24,26,0.017586351387084476,9.299713
P24,27,0.017409571579524448,9.329221
P24,28,0.01735054784350925,9.303785
P24,29,0.01722045834102328,9.327903
P24,30,0.017196818949684264,9.265057
P25,1,0.06166525019539727,9.150501
P25,2,0.020821465386284724,9.012117
P25,3,0.020562315744066997,9.59851
P25,4,0.020634973806048198,9.025483
P25,5,0.02022189469564529,8.833485
P25,6,0.020271590777805874,9.063118
P25,7,0.019367831093924388,9.071081
P25,8,0.01930512889983162,9.342967
P25,9,0.019280883054884655,9.596977
P25,10,0.019259382808019244,9.37449
P25,11,0.01882351012456985,9.414161
P25,12,0.01879211361446078,9.5779705
P25,13,0.01908352356108408,9.5150175
P25,14,0.018206796002766444,9.495246
P25,15,0.0184457954906282,9.587293
P25,16,0.01806902317773728,9.280777
P25,17,0.018126520845625136,9.406379
P25,18,0.01801243093278673,9.476061
P25,19,0.018157981690906343,9.584777
P25,20,0.01776564215856885,9.362549
P25,21,0.017864246217031327,9.594504
P25,22,0.017557008871956478,9.733213
P25,23,0.017535371439797536,9.910935
P25,24,0.01761957009633382,9.630483
P25,25,0.0176505446434021,9.7697935
P25,26,0.017539050843980577,9.791388
P25,27,0.017850434969341945,9.717026
P25,28,0.01721996920449393,9.664027
P25,29,0.017417360865880572,9.6984415
P25,30,0.01724275899311853,9.675366
