epoch,batch,loss,landmark,angular_deg,gaze_consist,shape,ray_target,pose,translation,lr
1,1,23.505638,0.005845,114.7105,0.000000,0.000000,0.000000,2.491868,7.862042,0.00100000
1,2,23.241055,0.005756,114.8535,0.000000,0.000000,0.000000,2.472118,7.907412,0.00100000
1,3,23.693016,0.005916,115.1515,0.000000,0.000000,0.000000,2.462567,7.820617,0.00100000
1,4,24.580530,0.006171,106.8680,0.000000,0.000000,0.000000,2.588567,7.864934,0.00100000
1,5,23.953249,0.006002,117.4055,0.000000,0.000000,0.000000,2.430474,7.829182,0.00100000
1,6,24.109642,0.006000,112.5692,0.000000,0.000000,0.000000,2.493908,8.093672,0.00100000
1,7,23.446980,0.005874,112.4974,0.000000,0.000000,0.000000,2.470998,7.581748,0.00100000
1,8,23.602642,0.005928,111.8311,0.000000,0.000000,0.000000,2.476943,7.548057,0.00100000
1,9,22.504240,0.005549,109.9994,0.000000,0.000000,0.000000,2.509824,7.692256,0.00100000
1,10,23.195984,0.005717,104.5408,0.000000,0.000000,0.000000,2.480056,8.055182,0.00100000
1,11,22.438519,0.005537,110.3938,0.000000,0.000000,0.000000,2.485028,7.665375,0.00100000
1,12,22.502121,0.005566,108.0627,0.000000,0.000000,0.000000,2.457276,7.634403,0.00100000
1,13,22.716217,0.005607,111.9475,0.000000,0.000000,0.000000,2.458931,7.806392,0.00100000
1,14,23.167639,0.005701,108.1676,0.000000,0.000000,0.000000,2.477434,8.099902,0.00100000
1,15,22.543039,0.005489,111.7388,0.000000,0.000000,0.000000,2.448795,8.207409,0.00100000
1,16,22.754324,0.005630,108.8390,0.000000,0.000000,0.000000,2.498970,7.697776,0.00100000
1,17,22.145531,0.005451,113.1406,0.000000,0.000000,0.000000,2.291323,7.813179,0.00100000
1,18,21.141426,0.005100,109.8221,0.000000,0.000000,0.000000,2.469459,7.824605,0.00100000
1,19,21.248945,0.005161,108.5359,0.000000,0.000000,0.000000,2.491882,7.635369,0.00100000
1,20,21.270470,0.005130,114.6348,0.000000,0.000000,0.000000,2.458171,7.907385,0.00100000
1,21,20.960247,0.005026,110.9627,0.000000,0.000000,0.000000,2.477508,7.920941,0.00100000
1,22,21.620783,0.005283,111.5011,0.000000,0.000000,0.000000,2.436297,7.672414,0.00100000
1,23,21.682173,0.005314,110.9241,0.000000,0.000000,0.000000,2.499604,7.537477,0.00100000
1,24,21.190823,0.005135,107.1900,0.000000,0.000000,0.000000,2.475421,7.701838,0.00100000
1,25,20.840040,0.005057,116.0203,0.000000,0.000000,0.000000,2.506979,7.457260,0.00100000
1,26,21.315289,0.005280,117.5535,0.000000,0.000000,0.000000,2.556647,6.957622,0.00100000
1,27,20.944878,0.005131,127.6745,0.000000,0.000000,0.000000,2.216577,7.493910,0.00100000
1,28,22.224846,0.005579,125.2159,0.000000,0.000000,0.000000,2.304336,7.152255,0.00100000
1,29,23.742897,0.005935,106.9236,0.000000,0.000000,0.000000,2.588886,7.673700,0.00100000
1,30,24.044247,0.006162,110.4151,0.000000,0.000000,0.000000,2.538384,6.901434,0.00100000
1,31,22.265154,0.005719,118.8410,0.000000,0.000000,0.000000,2.474347,6.184044,0.00100000
1,32,23.042130,0.005912,112.9813,0.000000,0.000000,0.000000,2.454745,6.551434,0.00100000
1,33,21.752773,0.005441,111.8570,0.000000,0.000000,0.000000,2.567862,6.813306,0.00100000
1,34,21.507877,0.005377,126.8631,0.000000,0.000000,0.000000,2.324359,6.964043,0.00100000
1,35,21.624474,0.005238,112.8480,0.000000,0.000000,0.000000,2.482433,7.913940,0.00100000
1,36,21.995180,0.005385,115.2793,0.000000,0.000000,0.000000,2.464912,7.752036,0.00100000
1,37,23.007593,0.005678,109.8505,0.000000,0.000000,0.000000,2.536245,7.869035,0.00100000
1,38,21.755514,0.005337,114.2528,0.000000,0.000000,0.000000,2.415308,7.623780,0.00100000
1,39,22.161079,0.005412,114.0885,0.000000,0.000000,0.000000,2.518238,7.859083,0.00100000
1,40,21.823942,0.005349,113.6321,0.000000,0.000000,0.000000,2.455318,7.643847,0.00100000
1,41,21.952393,0.005361,114.0042,0.000000,0.000000,0.000000,2.477954,7.803223,0.00100000
1,42,22.253435,0.005442,110.7578,0.000000,0.000000,0.000000,2.484848,7.889189,0.00100000
1,43,24.502163,0.005914,102.0530,0.000000,0.000000,0.000000,2.732166,9.178944,0.00100000
1,44,24.133089,0.005992,102.7278,0.000000,0.000000,0.000000,2.632133,8.053349,0.00100000
1,45,20.492697,0.005053,126.4680,0.000000,0.000000,0.000000,2.295007,6.998226,0.00100000
1,46,20.946547,0.005250,123.3801,0.000000,0.000000,0.000000,2.386087,6.577038,0.00100000
1,47,22.190767,0.005543,119.0700,0.000000,0.000000,0.000000,2.569345,7.044047,0.00100000
1,48,24.431835,0.005952,101.9505,0.000000,0.000000,0.000000,2.662062,8.870490,0.00100000
1,49,24.061993,0.005969,102.5361,0.000000,0.000000,0.000000,2.510639,8.176629,0.00100000
1,50,20.988747,0.005218,120.3972,0.000000,0.000000,0.000000,2.384747,6.862801,0.00100000
1,51,21.689539,0.005393,123.2281,0.000000,0.000000,0.000000,2.556107,6.999250,0.00100000
1,52,22.709877,0.005609,110.3460,0.000000,0.000000,0.000000,2.445544,7.796551,0.00100000
1,53,22.637840,0.005584,113.4184,0.000000,0.000000,0.000000,2.469923,7.783722,0.00100000
1,54,22.923111,0.005711,114.2741,0.000000,0.000000,0.000000,2.474938,7.551215,0.00100000
1,55,22.475422,0.005581,119.7492,0.000000,0.000000,0.000000,2.432058,7.513587,0.00100000
1,56,23.305847,0.005794,116.3407,0.000000,0.000000,0.000000,2.430234,7.840808,0.00100000
1,57,23.434044,0.005835,113.5423,0.000000,0.000000,0.000000,2.473316,7.794746,0.00100000
1,58,23.073711,0.005741,111.3324,0.000000,0.000000,0.000000,2.440521,7.701385,0.00100000
1,59,22.776920,0.005634,111.1593,0.000000,0.000000,0.000000,2.437570,7.781754,0.00100000
1,60,22.493616,0.005739,111.9951,0.000000,0.000000,0.000000,2.617473,6.375386,0.00100000
1,61,21.703779,0.005439,119.5425,0.000000,0.000000,0.000000,2.517727,6.775468,0.00100000
1,62,21.379200,0.005286,125.2555,0.000000,0.000000,0.000000,2.303964,7.298833,0.00100000
1,63,21.168423,0.005145,123.6968,0.000000,0.000000,0.000000,2.167597,7.902036,0.00100000
1,64,23.316498,0.005883,107.0563,0.000000,0.000000,0.000000,2.490243,7.242912,0.00100000
1,65,20.392448,0.004900,122.5159,0.000000,0.000000,0.000000,2.342620,7.707182,0.00100000
1,66,22.434658,0.005624,115.7747,0.000000,0.000000,0.000000,2.484967,7.112455,0.00100000
1,67,19.031448,0.004415,131.0741,0.000000,0.000000,0.000000,2.307057,8.067444,0.00100000
1,68,19.100367,0.004527,121.7503,0.000000,0.000000,0.000000,2.264430,7.540500,0.00100000
1,69,24.258839,0.006002,104.3738,0.000000,0.000000,0.000000,2.497541,8.374418,0.00100000
1,70,23.400717,0.005818,109.7009,0.000000,0.000000,0.000000,2.398331,7.912766,0.00100000
1,71,21.516270,0.005338,121.6276,0.000000,0.000000,0.000000,2.283811,7.265886,0.00100000
1,72,23.214985,0.005904,109.3008,0.000000,0.000000,0.000000,2.536557,6.865982,0.00100000
1,73,24.141441,0.006176,104.5948,0.000000,0.000000,0.000000,2.573373,6.973134,0.00100000
1,74,22.527958,0.005690,116.8680,0.000000,0.000000,0.000000,2.444044,6.923806,0.00100000
1,75,24.933582,0.006236,100.6529,0.000000,0.000000,0.000000,2.579867,8.176077,0.00100000
1,76,22.337666,0.005586,123.2507,0.000000,0.000000,0.000000,2.494481,7.146390,0.00100000
1,77,25.445976,0.006308,93.2917,0.000000,0.000000,0.000000,2.544630,8.782425,0.00100000
1,78,22.657162,0.005614,111.9273,0.000000,0.000000,0.000000,2.459768,7.643462,0.00100000
1,79,23.781670,0.005948,102.7496,0.000000,0.000000,0.000000,2.567343,7.692108,0.00100000
1,80,24.530621,0.006002,96.3425,0.000000,0.000000,0.000000,2.552607,8.867128,0.00100000
1,81,22.255785,0.005548,104.4134,0.000000,0.000000,0.000000,2.584257,7.127631,0.00100000
1,82,20.960545,0.005215,118.4069,0.000000,0.000000,0.000000,2.449749,6.762135,0.00100000
1,83,21.084787,0.005357,117.0426,0.000000,0.000000,0.000000,2.527382,6.042488,0.00100000
1,84,21.137983,0.005299,117.9364,0.000000,0.000000,0.000000,2.545955,6.495582,0.00100000
1,85,20.059582,0.004960,123.1641,0.000000,0.000000,0.000000,2.283344,6.728762,0.00100000
1,86,22.740047,0.005678,117.5817,0.000000,0.000000,0.000000,2.416602,7.451208,0.00100000
1,87,23.460363,0.005959,109.3293,0.000000,0.000000,0.000000,2.411472,7.137150,0.00100000
1,88,23.292591,0.005975,122.9706,0.000000,0.000000,0.000000,2.536674,6.570667,0.00100000
1,89,24.162260,0.006214,118.3090,0.000000,0.000000,0.000000,2.484067,6.866088,0.00100000
1,90,22.227003,0.005624,121.7171,0.000000,0.000000,0.000000,2.379923,6.800197,0.00100000
1,91,22.599590,0.005710,122.0273,0.000000,0.000000,0.000000,2.415203,6.968359,0.00100000
1,92,22.696398,0.005569,129.1853,0.000000,0.000000,0.000000,2.455702,8.009660,0.00100000
1,93,23.338678,0.005951,122.4398,0.000000,0.000000,0.000000,2.510868,6.842875,0.00100000
1,94,22.995333,0.005862,123.1890,0.000000,0.000000,0.000000,2.498840,6.727551,0.00100000
1,95,21.908329,0.005492,124.5459,0.000000,0.000000,0.000000,2.331167,7.039885,0.00100000
1,96,24.235228,0.006038,115.6139,0.000000,0.000000,0.000000,2.539591,8.061024,0.00100000
1,97,25.438007,0.006379,101.2690,0.000000,0.000000,0.000000,2.608964,8.257277,0.00100000
1,98,23.712963,0.006114,110.8203,0.000000,0.000000,0.000000,2.557612,6.523333,0.00100000
1,99,23.455681,0.005972,111.4781,0.000000,0.000000,0.000000,2.489065,6.968932,0.00100000
1,100,21.675726,0.005405,127.0260,0.000000,0.000000,0.000000,2.391660,7.062457,0.00100000
1,101,20.457815,0.004876,132.6989,0.000000,0.000000,0.000000,2.315986,8.017007,0.00100000
1,102,23.451387,0.005967,126.1073,0.000000,0.000000,0.000000,2.437170,7.040493,0.00100000
1,103,21.528917,0.005262,125.8390,0.000000,0.000000,0.000000,2.546005,7.509696,0.00100000
1,104,23.609299,0.005796,102.8352,0.000000,0.000000,0.000000,2.656241,8.208565,0.00100000
1,105,22.348915,0.005481,125.3325,0.000000,0.000000,0.000000,2.541426,7.782281,0.00100000
1,106,22.840347,0.005715,114.1771,0.000000,0.000000,0.000000,2.574722,7.262720,0.00100000
1,107,21.438431,0.005268,121.0665,0.000000,0.000000,0.000000,2.452137,7.381878,0.00100000
1,108,23.585711,0.005864,106.4475,0.000000,0.000000,0.000000,2.649675,7.744558,0.00100000
1,109,22.713278,0.005658,106.6445,0.000000,0.000000,0.000000,2.523265,7.416333,0.00100000
1,110,23.176071,0.005510,92.6824,0.000000,0.000000,0.000000,2.591160,9.200561,0.00100000
1,111,20.402845,0.004957,128.5036,0.000000,0.000000,0.000000,2.406337,7.307086,0.00100000
1,112,21.057064,0.005147,125.2330,0.000000,0.000000,0.000000,2.334496,7.498260,0.00100000
1,113,21.934017,0.005504,113.1974,0.000000,0.000000,0.000000,2.375689,6.970488,0.00100000
1,114,21.202562,0.005284,124.9059,0.000000,0.000000,0.000000,2.471374,6.792227,0.00100000
1,115,21.347557,0.005416,118.0113,0.000000,0.000000,0.000000,2.561378,6.164033,0.00100000
1,116,23.910442,0.006021,103.3340,0.000000,0.000000,0.000000,2.585738,7.474028,0.00100000
1,117,24.470356,0.006159,99.1885,0.000000,0.000000,0.000000,2.558427,7.752145,0.00100000
1,118,22.009548,0.005562,113.5694,0.000000,0.000000,0.000000,2.501060,6.633159,0.00100000
1,119,23.676119,0.005898,110.7918,0.000000,0.000000,0.000000,2.601120,7.760515,0.00100000
1,120,20.389784,0.005010,115.7393,0.000000,0.000000,0.000000,2.359212,6.996469,0.00100000
1,121,19.259024,0.004528,109.5993,0.000000,0.000000,0.000000,2.344960,7.776410,0.00100000
1,122,22.273661,0.005266,100.1248,0.000000,0.000000,0.000000,2.545372,8.975623,0.00100000
1,123,19.382732,0.004725,118.1880,0.000000,0.000000,0.000000,2.502635,6.625397,0.00100000
1,124,18.613789,0.004472,119.8715,0.000000,0.000000,0.000000,2.418831,6.763142,0.00100000
1,125,19.030455,0.004589,114.3020,0.000000,0.000000,0.000000,2.535503,6.740304,0.00100000
1,126,17.720839,0.004092,126.6613,0.000000,0.000000,0.000000,2.449098,7.329362,0.00100000
1,127,17.723219,0.004124,118.3872,0.000000,0.000000,0.000000,2.532130,7.050461,0.00100000
1,128,20.733944,0.004986,123.3800,0.000000,0.000000,0.000000,2.516922,7.679712,0.00100000
1,129,20.654655,0.005124,119.2964,0.000000,0.000000,0.000000,2.396480,6.777515,0.00100000
1,130,19.505972,0.004619,123.8770,0.000000,0.000000,0.000000,2.185230,7.856339,0.00100000
1,131,19.744408,0.004722,120.8346,0.000000,0.000000,0.000000,2.243475,7.626928,0.00100000
1,132,21.360085,0.005322,116.4360,0.000000,0.000000,0.000000,2.591090,6.751197,0.00100000
1,133,21.141928,0.005237,111.5584,0.000000,0.000000,0.000000,2.548218,6.888072,0.00100000
1,134,19.050146,0.004546,129.4418,0.000000,0.000000,0.000000,2.310646,7.278722,0.00100000
1,135,22.920969,0.005616,109.1685,0.000000,0.000000,0.000000,2.609153,8.010785,0.00100000
1,136,26.704805,0.006504,99.1739,0.000000,0.000000,0.000000,2.759384,9.855702,0.00100000
1,137,21.060480,0.005107,112.6607,0.000000,0.000000,0.000000,2.447640,7.641132,0.00100000
1,138,19.063446,0.004590,122.0583,0.000000,0.000000,0.000000,2.521067,6.817978,0.00100000
1,139,17.508036,0.004044,126.2598,0.000000,0.000000,0.000000,2.367786,7.282830,0.00100000
1,140,19.988335,0.004730,115.8249,0.000000,0.000000,0.000000,2.412558,7.897006,0.00100000
1,141,20.652187,0.005052,112.7930,0.000000,0.000000,0.000000,2.585720,7.034109,0.00100000
1,142,19.703125,0.004910,119.2150,0.000000,0.000000,0.000000,2.496791,6.116425,0.00100000
1,143,22.442032,0.005545,103.3982,0.000000,0.000000,0.000000,2.534988,7.572080,0.00100000
1,144,19.783312,0.004779,113.6252,0.000000,0.000000,0.000000,2.578667,7.014553,0.00100000
1,145,20.866590,0.005073,113.5966,0.000000,0.000000,0.000000,2.615663,7.301707,0.00100000
1,146,20.265848,0.004954,120.0681,0.000000,0.000000,0.000000,2.511987,6.946734,0.00100000
1,147,21.542253,0.005318,110.9248,0.000000,0.000000,0.000000,2.475057,7.252147,0.00100000
1,148,19.631310,0.004775,122.6149,0.000000,0.000000,0.000000,2.393754,6.922037,0.00100000
1,149,18.526054,0.004379,126.4209,0.000000,0.000000,0.000000,2.421129,7.164988,0.00100000
1,150,19.955669,0.004888,116.3805,0.000000,0.000000,0.000000,2.451340,6.802169,0.00100000
1,151,18.299723,0.004309,122.6751,0.000000,0.000000,0.000000,2.269411,7.302042,0.00100000
1,152,19.378757,0.004656,113.4689,0.000000,0.000000,0.000000,2.498878,7.058411,0.00100000
1,153,20.443180,0.005101,113.6671,0.000000,0.000000,0.000000,2.571622,6.321912,0.00100000
1,154,24.782715,0.006354,111.2371,0.000000,0.000000,0.000000,2.600746,7.112571,0.00100000
1,155,22.437794,0.005567,119.5630,0.000000,0.000000,0.000000,2.522998,7.438665,0.00100000
1,156,22.740635,0.005685,120.4128,0.000000,0.000000,0.000000,2.476171,7.351876,0.00100000
1,157,23.635668,0.005771,114.7818,0.000000,0.000000,0.000000,2.572723,8.503604,0.00100000
1,158,22.463331,0.005698,120.3612,0.000000,0.000000,0.000000,2.522516,6.669078,0.00100000
1,159,22.295124,0.005622,120.0823,0.000000,0.000000,0.000000,2.341462,6.986882,0.00100000
1,160,23.840185,0.006171,115.4866,0.000000,0.000000,0.000000,2.457464,6.519572,0.00100000
1,161,24.188908,0.006188,107.7077,0.000000,0.000000,0.000000,2.484817,7.081816,0.00100000
1,162,20.264412,0.005016,124.8342,0.000000,0.000000,0.000000,2.510522,6.554978,0.00100000
1,163,21.606487,0.005371,121.6231,0.000000,0.000000,0.000000,2.546657,6.976517,0.00100000
1,164,22.687225,0.005689,101.1775,0.000000,0.000000,0.000000,2.637552,7.057266,0.00100000
1,165,23.818794,0.005851,99.7885,0.000000,0.000000,0.000000,2.607569,8.329840,0.00100000
1,166,21.832176,0.005446,109.6391,0.000000,0.000000,0.000000,2.471460,7.033626,0.00100000
1,167,23.202335,0.005730,105.9290,0.000000,0.000000,0.000000,2.582589,7.885081,0.00100000
1,168,21.377827,0.005356,115.2130,0.000000,0.000000,0.000000,2.496647,6.665712,0.00100000
1,169,21.561533,0.005384,118.7507,0.000000,0.000000,0.000000,2.463205,6.890935,0.00100000
1,170,20.103441,0.004884,117.6688,0.000000,0.000000,0.000000,2.266013,7.305997,0.00100000
1,171,23.333763,0.005892,109.6506,0.000000,0.000000,0.000000,2.460230,7.253356,0.00100000
1,172,22.892578,0.005842,112.6382,0.000000,0.000000,0.000000,2.526882,6.614184,0.00100000
1,173,23.033249,0.005766,124.6340,0.000000,0.000000,0.000000,2.479453,7.421367,0.00100000
1,174,21.454115,0.005316,124.5275,0.000000,0.000000,0.000000,2.326694,7.240790,0.00100000
1,175,23.218414,0.005909,116.3158,0.000000,0.000000,0.000000,2.502688,6.869792,0.00100000
1,176,22.349527,0.005618,120.1267,0.000000,0.000000,0.000000,2.390226,7.072559,0.00100000
1,177,21.813871,0.005472,125.2837,0.000000,0.000000,0.000000,2.357203,6.947947,0.00100000
1,178,21.015020,0.005145,128.4280,0.000000,0.000000,0.000000,2.393194,7.366254,0.00100000
1,179,21.783161,0.005467,112.4029,0.000000,0.000000,0.000000,2.510815,6.764755,0.00100000
1,180,23.475163,0.005839,106.7945,0.000000,0.000000,0.000000,2.534797,7.791510,0.00100000
1,181,24.786953,0.006185,102.6842,0.000000,0.000000,0.000000,2.621732,8.162844,0.00100000
1,182,24.695808,0.006079,96.6508,0.000000,0.000000,0.000000,2.544749,8.716595,0.00100000
1,183,21.291674,0.005305,123.0505,0.000000,0.000000,0.000000,2.408299,6.901273,0.00100000
1,184,22.570850,0.005558,108.0203,0.000000,0.000000,0.000000,2.506657,7.772303,0.00100000
1,185,22.316175,0.005516,115.5533,0.000000,0.000000,0.000000,2.556521,7.481920,0.00100000
1,186,21.589109,0.005333,118.3329,0.000000,0.000000,0.000000,2.592254,7.139679,0.00100000
1,187,21.543985,0.005436,116.9954,0.000000,0.000000,0.000000,2.578720,6.415603,0.00100000
1,188,22.936913,0.005714,117.3331,0.000000,0.000000,0.000000,2.593070,7.440292,0.00100000
1,189,22.873543,0.005912,116.9136,0.000000,0.000000,0.000000,2.612994,6.052224,0.00100000
1,190,22.354937,0.005586,121.4102,0.000000,0.000000,0.000000,2.480062,7.194230,0.00100000
1,191,22.250971,0.005388,116.2972,0.000000,0.000000,0.000000,2.583447,8.127121,0.00100000
1,192,24.277447,0.006032,101.8603,0.000000,0.000000,0.000000,2.647440,8.073524,0.00100000
1,193,22.593176,0.005607,107.7661,0.000000,0.000000,0.000000,2.444467,7.572648,0.00100000
1,194,22.954554,0.005709,109.5552,0.000000,0.000000,0.000000,2.561467,7.540990,0.00100000
1,195,22.025492,0.005343,110.3973,0.000000,0.000000,0.000000,2.633820,7.907643,0.00100000
1,196,20.012585,0.004778,126.1999,0.000000,0.000000,0.000000,2.401912,7.653471,0.00100000
1,197,20.240215,0.004908,125.4327,0.000000,0.000000,0.000000,2.317159,7.380899,0.00100000
1,198,20.512320,0.005124,121.0899,0.000000,0.000000,0.000000,2.430544,6.455335,0.00100000
1,199,20.823137,0.005143,118.1409,0.000000,0.000000,0.000000,2.401423,6.986404,0.00100000
1,200,20.877224,0.005278,117.0903,0.000000,0.000000,0.000000,2.468137,6.185088,0.00100000
1,201,20.622807,0.005136,119.2667,0.000000,0.000000,0.000000,2.436620,6.595751,0.00100000
1,202,20.563850,0.005141,114.3921,0.000000,0.000000,0.000000,2.444936,6.436670,0.00100000
1,203,23.057304,0.005735,103.0907,0.000000,0.000000,0.000000,2.591394,7.556259,0.00100000
1,204,21.094507,0.005150,107.9350,0.000000,0.000000,0.000000,2.334929,7.552729,0.00100000
1,205,25.160208,0.006280,101.2354,0.000000,0.000000,0.000000,2.531732,8.400219,0.00100000
1,206,22.849714,0.005864,116.1559,0.000000,0.000000,0.000000,2.553003,6.368072,0.00100000
1,207,22.762541,0.005750,119.1229,0.000000,0.000000,0.000000,2.362466,7.098144,0.00100000
1,208,23.311640,0.005924,115.1992,0.000000,0.000000,0.000000,2.488907,6.980320,0.00100000
1,209,23.055042,0.005903,116.9104,0.000000,0.000000,0.000000,2.543750,6.541475,0.00100000
1,210,22.393391,0.005788,117.0420,0.000000,0.000000,0.000000,2.552448,5.935078,0.00100000
1,211,23.953220,0.005919,106.4732,0.000000,0.000000,0.000000,2.643073,8.140202,0.00100000
1,212,22.535709,0.005616,123.7281,0.000000,0.000000,0.000000,2.555211,7.295652,0.00100000
1,213,23.675308,0.005960,117.4345,0.000000,0.000000,0.000000,2.608843,7.362600,0.00100000
1,214,23.273115,0.005852,108.0749,0.000000,0.000000,0.000000,2.488440,7.356371,0.00100000
1,215,22.738924,0.005795,115.9427,0.000000,0.000000,0.000000,2.521791,6.609098,0.00100000
1,216,23.693386,0.006096,108.7551,0.000000,0.000000,0.000000,2.543579,6.608376,0.00100000
1,217,26.047710,0.006540,92.6392,0.000000,0.000000,0.000000,2.644747,8.434852,0.00100000
1,218,26.170433,0.006406,95.2653,0.000000,0.000000,0.000000,2.668544,9.490911,0.00100000
1,219,20.517101,0.004978,125.1925,0.000000,0.000000,0.000000,2.256670,7.552891,0.00100000
1,220,19.415501,0.004592,130.0517,0.000000,0.000000,0.000000,2.202441,7.827338,0.00100000
1,221,24.505936,0.006252,109.4544,0.000000,0.000000,0.000000,2.647470,7.151700,0.00100000
1,222,21.944740,0.005400,125.3394,0.000000,0.000000,0.000000,2.505879,7.514584,0.00100000
1,223,20.754751,0.005053,119.2025,0.000000,0.000000,0.000000,2.219124,7.597513,0.00100000
1,224,23.257839,0.005786,112.9110,0.000000,0.000000,0.000000,2.571615,7.651468,0.00100000
1,225,19.981525,0.004876,128.6261,0.000000,0.000000,0.000000,2.389793,6.990802,0.00100000
1,226,22.699018,0.005521,114.8681,0.000000,0.000000,0.000000,2.614564,8.156735,0.00100000
1,227,22.971960,0.005627,111.5159,0.000000,0.000000,0.000000,2.634499,8.016392,0.00100000
1,228,21.329765,0.005353,114.2945,0.000000,0.000000,0.000000,2.529645,6.556753,0.00100000
1,229,24.161245,0.005989,100.0733,0.000000,0.000000,0.000000,2.651301,8.105793,0.00100000
1,230,22.053770,0.005431,130.9386,0.000000,0.000000,0.000000,2.361313,7.685150,0.00100000
1,231,21.003929,0.005047,130.1371,0.000000,0.000000,0.000000,2.148782,8.205835,0.00100000
1,232,21.105429,0.005129,130.6957,0.000000,0.000000,0.000000,2.344190,7.695427,0.00100000
1,233,23.273403,0.005931,114.3674,0.000000,0.000000,0.000000,2.428346,6.917370,0.00100000
1,234,22.066404,0.005545,123.4995,0.000000,0.000000,0.000000,2.490411,6.863168,0.00100000
1,235,22.262619,0.005615,117.2605,0.000000,0.000000,0.000000,2.419044,6.891503,0.00100000
1,236,25.005924,0.006135,89.7771,0.000000,0.000000,0.000000,2.635653,8.898964,0.00100000
1,237,22.615162,0.005672,117.6173,0.000000,0.000000,0.000000,2.564616,7.092657,0.00100000
1,238,22.514505,0.005778,119.8433,0.000000,0.000000,0.000000,2.515918,6.275177,0.00100000
1,239,20.910204,0.005175,124.7161,0.000000,0.000000,0.000000,2.399673,6.961165,0.00100000
1,240,23.826151,0.005974,106.1944,0.000000,0.000000,0.000000,2.607712,7.575065,0.00100000
1,241,20.942654,0.005154,113.6589,0.000000,0.000000,0.000000,2.375284,7.182289,0.00100000
1,242,19.583191,0.004683,120.7185,0.000000,0.000000,0.000000,2.292323,7.500647,0.00100000
1,243,20.594448,0.005115,117.4622,0.000000,0.000000,0.000000,2.520805,6.584584,0.00100000
1,244,20.826262,0.005097,120.0613,0.000000,0.000000,0.000000,2.487003,7.200170,0.00100000
1,245,22.696287,0.005723,103.5225,0.000000,0.000000,0.000000,2.598451,6.902276,0.00100000
1,246,20.334612,0.004969,120.9211,0.000000,0.000000,0.000000,2.514755,6.989004,0.00100000
1,247,20.316332,0.005030,119.3417,0.000000,0.000000,0.000000,2.375661,6.707214,0.00100000
1,248,22.159378,0.005369,113.8692,0.000000,0.000000,0.000000,2.679167,7.964240,0.00100000
1,249,20.955530,0.005074,115.5422,0.000000,0.000000,0.000000,2.623789,7.463920,0.00100000
1,250,21.361452,0.005256,118.0699,0.000000,0.000000,0.000000,2.588839,7.170060,0.00100000
1,251,20.480423,0.005055,118.4021,0.000000,0.000000,0.000000,2.293810,6.962164,0.00100000
1,252,21.954191,0.005613,115.3002,0.000000,0.000000,0.000000,2.567494,6.134346,0.00100000
1,253,22.866005,0.005652,102.0361,0.000000,0.000000,0.000000,2.645781,7.636382,0.00100000
1,254,21.276552,0.005252,110.0573,0.000000,0.000000,0.000000,2.601176,7.009604,0.00100000
1,255,22.706854,0.005498,97.4699,0.000000,0.000000,0.000000,2.614602,8.318072,0.00100000
1,256,22.055456,0.005547,123.4846,0.000000,0.000000,0.000000,2.508194,6.810974,0.00100000
1,257,22.688850,0.005721,117.0378,0.000000,0.000000,0.000000,2.566217,6.932191,0.00100000
1,258,21.980417,0.005514,116.4993,0.000000,0.000000,0.000000,2.483565,6.890975,0.00100000
1,259,23.931751,0.005941,107.1280,0.000000,0.000000,0.000000,2.655460,7.946482,0.00100000
1,260,21.884171,0.005456,112.4900,0.000000,0.000000,0.000000,2.472228,7.073318,0.00100000
1,261,24.542467,0.006122,104.0300,0.000000,0.000000,0.000000,2.653293,8.034828,0.00100000
1,262,21.352524,0.005324,120.4412,0.000000,0.000000,0.000000,2.618325,6.693639,0.00100000
1,263,20.459190,0.005141,121.8932,0.000000,0.000000,0.000000,2.521250,6.154005,0.00100000
1,264,21.448465,0.005344,127.5137,0.000000,0.000000,0.000000,2.413649,6.965341,0.00100000
1,265,22.726128,0.005823,120.1599,0.000000,0.000000,0.000000,2.474939,6.453326,0.00100000
1,266,21.398767,0.005321,118.7453,0.000000,0.000000,0.000000,2.390377,7.033508,0.00100000
1,267,23.390825,0.005918,112.5386,0.000000,0.000000,0.000000,2.522144,7.143074,0.00100000
1,268,22.729059,0.005781,115.0293,0.000000,0.000000,0.000000,2.589486,6.613176,0.00100000
1,269,21.755047,0.005347,121.1867,0.000000,0.000000,0.000000,2.542895,7.430200,0.00100000
1,270,21.408035,0.005355,122.2247,0.000000,0.000000,0.000000,2.437284,6.790411,0.00100000
1,271,20.711443,0.005061,121.6005,0.000000,0.000000,0.000000,2.439313,7.243355,0.00100000
1,272,20.456020,0.004926,128.7061,0.000000,0.000000,0.000000,2.205538,7.809505,0.00100000
1,273,21.955175,0.005416,120.8435,0.000000,0.000000,0.000000,2.410011,7.531935,0.00100000
1,274,21.117414,0.005082,117.4831,0.000000,0.000000,0.000000,2.136852,8.224639,0.00100000
1,275,21.264240,0.005273,122.4418,0.000000,0.000000,0.000000,2.472505,6.985131,0.00100000
1,276,20.805628,0.005235,118.1815,0.000000,0.000000,0.000000,2.542886,6.236080,0.00100000
1,277,21.445454,0.005356,118.7292,0.000000,0.000000,0.000000,2.558951,6.741838,0.00100000
1,278,22.371283,0.005596,115.2388,0.000000,0.000000,0.000000,2.490997,7.155533,0.00100000
1,279,19.880507,0.004804,127.4312,0.000000,0.000000,0.000000,2.361362,7.267231,0.00100000
1,280,25.163166,0.006267,99.7449,0.000000,0.000000,0.000000,2.652854,8.367117,0.00100000
1,281,20.353741,0.005040,120.8593,0.000000,0.000000,0.000000,2.400573,6.695971,0.00100000
1,282,22.209642,0.005586,110.8652,0.000000,0.000000,0.000000,2.475140,6.908051,0.00100000
1,283,23.254559,0.005892,106.7914,0.000000,0.000000,0.000000,2.567370,6.985426,0.00100000
1,284,23.953091,0.005946,100.7905,0.000000,0.000000,0.000000,2.584160,8.027460,0.00100000
1,285,21.591209,0.005341,116.4005,0.000000,0.000000,0.000000,2.593538,7.087821,0.00100000
1,286,21.567442,0.005378,114.1465,0.000000,0.000000,0.000000,2.540112,6.863784,0.00100000
1,287,23.599230,0.005865,98.1658,0.000000,0.000000,0.000000,2.580558,7.829658,0.00100000
1,288,23.409687,0.005746,102.2181,0.000000,0.000000,0.000000,2.490165,8.287734,0.00100000
1,289,20.641567,0.005169,116.6496,0.000000,0.000000,0.000000,2.520602,6.340946,0.00100000
1,290,24.110220,0.006025,105.0766,0.000000,0.000000,0.000000,2.650979,7.783034,0.00100000
1,291,21.830488,0.005378,116.5266,0.000000,0.000000,0.000000,2.445033,7.484556,0.00100000
1,292,20.934217,0.005222,125.8429,0.000000,0.000000,0.000000,2.423969,6.689160,0.00100000
1,293,22.246250,0.005642,114.7860,0.000000,0.000000,0.000000,2.500761,6.604126,0.00100000
1,294,22.431910,0.005728,115.7299,0.000000,0.000000,0.000000,2.537572,6.401731,0.00100000
1,295,22.192230,0.005485,110.3180,0.000000,0.000000,0.000000,2.482404,7.502769,0.00100000
1,296,24.895561,0.006206,105.1981,0.000000,0.000000,0.000000,2.624778,8.240435,0.00100000
1,297,22.618790,0.005710,110.3066,0.000000,0.000000,0.000000,2.495202,6.927451,0.00100000
1,298,21.570049,0.005419,120.9999,0.000000,0.000000,0.000000,2.352729,6.801967,0.00100000
1,299,21.104548,0.005296,110.1705,0.000000,0.000000,0.000000,2.501981,6.492725,0.00100000
1,300,19.267498,0.004651,124.0027,0.000000,0.000000,0.000000,2.353014,7.010500,0.00100000
1,301,22.443634,0.005778,116.6026,0.000000,0.000000,0.000000,2.540498,6.107001,0.00100000
1,302,21.791826,0.005410,111.7775,0.000000,0.000000,0.000000,2.587253,7.062890,0.00100000
1,303,20.383383,0.004944,127.3682,0.000000,0.000000,0.000000,2.476131,7.282495,0.00100000
1,304,19.469908,0.004597,131.7281,0.000000,0.000000,0.000000,2.369361,7.738410,0.00100000
1,305,21.408585,0.005195,112.1997,0.000000,0.000000,0.000000,2.547359,7.684472,0.00100000
1,306,23.866386,0.005833,87.8149,0.000000,0.000000,0.000000,2.683002,8.464339,0.00100000
1,307,21.315786,0.005125,113.5302,0.000000,0.000000,0.000000,2.637555,7.850916,0.00100000
1,308,23.732477,0.005682,103.3575,0.000000,0.000000,0.000000,2.709247,9.119431,0.00100000
1,309,19.364666,0.004636,124.0308,0.000000,0.000000,0.000000,2.342136,7.307400,0.00100000
1,310,17.713274,0.004106,123.5969,0.000000,0.000000,0.000000,2.317398,7.357865,0.00100000
1,311,18.198402,0.004354,119.3574,0.000000,0.000000,0.000000,2.505273,6.586020,0.00100000
1,312,17.759834,0.004107,120.2940,0.000000,0.000000,0.000000,2.598188,7.163090,0.00100000
1,313,16.978958,0.003958,126.8436,0.000000,0.000000,0.000000,2.436639,6.699153,0.00100000
1,314,17.699806,0.004060,120.4303,0.000000,0.000000,0.000000,2.646929,7.285764,0.00100000
1,315,24.644741,0.006092,97.3464,0.000000,0.000000,0.000000,2.673220,8.404743,0.00100000
1,316,24.125444,0.005918,101.0867,0.000000,0.000000,0.000000,2.644235,8.486930,0.00100000
1,317,24.152534,0.005987,100.5053,0.000000,0.000000,0.000000,2.635248,8.121749,0.00100000
1,318,23.839832,0.005922,107.7940,0.000000,0.000000,0.000000,2.599349,7.937117,0.00100000
1,319,21.417761,0.005307,124.5687,0.000000,0.000000,0.000000,2.412168,7.138324,0.00100000
1,320,23.009256,0.005711,111.2405,0.000000,0.000000,0.000000,2.471624,7.729945,0.00100000
1,321,22.193699,0.005615,108.2170,0.000000,0.000000,0.000000,2.510730,6.661223,0.00100000
1,322,23.069744,0.005784,111.5655,0.000000,0.000000,0.000000,2.569421,7.292569,0.00100000
1,323,23.162428,0.005754,108.4409,0.000000,0.000000,0.000000,2.635491,7.599416,0.00100000
1,324,22.140770,0.005387,112.2810,0.000000,0.000000,0.000000,2.477935,8.015917,0.00100000
1,325,21.764591,0.005273,112.4657,0.000000,0.000000,0.000000,2.468307,7.985559,0.00100000
1,326,22.229000,0.005395,113.2813,0.000000,0.000000,0.000000,2.481871,8.135728,0.00100000
1,327,22.248703,0.005309,108.0527,0.000000,0.000000,0.000000,2.513944,8.686631,0.00100000
1,328,22.627541,0.005505,106.0604,0.000000,0.000000,0.000000,2.563365,8.162460,0.00100000
1,329,21.423958,0.005095,111.7921,0.000000,0.000000,0.000000,2.548146,8.345301,0.00100000
1,330,20.815094,0.004972,110.5138,0.000000,0.000000,0.000000,2.483978,7.963325,0.00100000
1,331,21.531427,0.005103,107.3160,0.000000,0.000000,0.000000,2.555392,8.499321,0.00100000
1,332,23.757540,0.005906,102.9137,0.000000,0.000000,0.000000,2.660302,7.810139,0.00100000
1,333,21.775660,0.005224,119.4773,0.000000,0.000000,0.000000,2.583841,8.204964,0.00100000
1,334,23.085968,0.005651,102.0892,0.000000,0.000000,0.000000,2.541421,8.189432,0.00100000
1,335,21.335411,0.005317,115.7770,0.000000,0.000000,0.000000,2.518982,6.801330,0.00100000
1,336,19.129751,0.004528,126.3962,0.000000,0.000000,0.000000,2.405598,7.451311,0.00100000
1,337,23.183403,0.005653,105.9551,0.000000,0.000000,0.000000,2.699001,8.209955,0.00100000
1,338,20.466658,0.005093,119.8711,0.000000,0.000000,0.000000,2.374303,6.615548,0.00100000
1,339,21.645205,0.005369,102.9598,0.000000,0.000000,0.000000,2.607775,7.006183,0.00100000
1,340,20.054188,0.004907,113.3603,0.000000,0.000000,0.000000,2.383459,6.946463,0.00100000
1,341,23.989080,0.006110,109.0097,0.000000,0.000000,0.000000,2.645448,7.012263,0.00100000
1,342,25.385715,0.006429,102.6499,0.000000,0.000000,0.000000,2.634551,7.815785,0.00100000
1,343,24.758720,0.006199,98.5639,0.000000,0.000000,0.000000,2.647778,7.988794,0.00100000
1,344,23.729456,0.005925,111.5935,0.000000,0.000000,0.000000,2.533757,7.766677,0.00100000
1,345,23.110661,0.005850,109.3770,0.000000,0.000000,0.000000,2.583717,6.943652,0.00100000
1,346,22.713112,0.005627,110.4118,0.000000,0.000000,0.000000,2.380584,7.752886,0.00100000
1,347,23.791054,0.005945,98.6751,0.000000,0.000000,0.000000,2.550970,7.743223,0.00100000
1,348,23.887758,0.005988,98.3230,0.000000,0.000000,0.000000,2.551576,7.669421,0.00100000
1,349,23.712324,0.006019,102.4480,0.000000,0.000000,0.000000,2.625118,7.049817,0.00100000
1,350,23.722212,0.006022,107.7065,0.000000,0.000000,0.000000,2.627234,7.048600,0.00100000
1,351,24.893127,0.006003,97.4357,0.000000,0.000000,0.000000,2.649253,9.483644,0.00100000
1,352,24.626221,0.006177,100.6413,0.000000,0.000000,0.000000,2.623903,7.888587,0.00100000
1,353,23.354029,0.005859,106.5112,0.000000,0.000000,0.000000,2.596453,7.361153,0.00100000
1,354,23.295578,0.005814,102.9259,0.000000,0.000000,0.000000,2.656795,7.468866,0.00100000
1,355,23.844069,0.005937,101.2183,0.000000,0.000000,0.000000,2.632622,7.818604,0.00100000
1,356,22.213963,0.005562,114.9425,0.000000,0.000000,0.000000,2.579318,6.961949,0.00100000
1,357,21.960766,0.005628,105.5482,0.000000,0.000000,0.000000,2.512796,6.110796,0.00100000
1,358,22.074291,0.005562,119.1065,0.000000,0.000000,0.000000,2.580411,6.680355,0.00100000
1,359,23.082047,0.005846,122.2208,0.000000,0.000000,0.000000,2.329700,7.168867,0.00100000
1,360,21.806784,0.005457,121.1180,0.000000,0.000000,0.000000,2.331278,7.056103,0.00100000
1,361,24.663792,0.006263,108.0713,0.000000,0.000000,0.000000,2.473928,7.570658,0.00100000
1,362,25.411482,0.006474,101.1541,0.000000,0.000000,0.000000,2.534503,7.684184,0.00100000
1,363,22.572908,0.005684,116.5304,0.000000,0.000000,0.000000,2.457897,7.036056,0.00100000
1,364,22.640476,0.005709,117.2669,0.000000,0.000000,0.000000,2.392921,7.083791,0.00100000
1,365,20.502178,0.004907,127.6413,0.000000,0.000000,0.000000,2.228049,8.000164,0.00100000
1,366,25.910913,0.006246,96.3295,0.000000,0.000000,0.000000,2.665733,9.982887,0.00100000
1,367,23.971039,0.005899,102.3485,0.000000,0.000000,0.000000,2.537452,8.404058,0.00100000
1,368,21.347906,0.005415,116.6736,0.000000,0.000000,0.000000,2.417725,6.314967,0.00100000
1,369,21.839937,0.005323,111.4909,0.000000,0.000000,0.000000,2.531945,7.760112,0.00100000
1,370,21.559042,0.005346,113.5459,0.000000,0.000000,0.000000,2.471564,7.117838,0.00100000
1,371,21.238930,0.005218,119.0184,0.000000,0.000000,0.000000,2.370689,7.382443,0.00100000
1,372,20.783581,0.005093,116.3100,0.000000,0.000000,0.000000,2.267171,7.357718,0.00100000
1,373,22.186262,0.005449,113.2281,0.000000,0.000000,0.000000,2.520478,7.674121,0.00100000
1,374,20.675449,0.005092,119.2271,0.000000,0.000000,0.000000,2.528903,6.882631,0.00100000
1,375,21.628803,0.005397,122.4877,0.000000,0.000000,0.000000,2.479059,6.928595,0.00100000
1,376,22.152521,0.005503,110.8732,0.000000,0.000000,0.000000,2.474470,7.312804,0.00100000
1,377,21.696053,0.005401,114.1552,0.000000,0.000000,0.000000,2.556497,6.961840,0.00100000
1,378,22.734554,0.005660,109.6226,0.000000,0.000000,0.000000,2.582214,7.386881,0.00100000
1,379,20.035212,0.004799,130.7066,0.000000,0.000000,0.000000,2.359454,7.611104,0.00100000
1,380,21.333130,0.005332,118.8804,0.000000,0.000000,0.000000,2.425645,6.799493,0.00100000
1,381,22.170155,0.005527,109.3949,0.000000,0.000000,0.000000,2.512921,7.163275,0.00100000
1,382,21.229889,0.005263,114.4895,0.000000,0.000000,0.000000,2.650861,6.800179,0.00100000
1,383,23.212490,0.005768,101.1468,0.000000,0.000000,0.000000,2.587742,7.657480,0.00100000
1,384,20.922701,0.005120,125.0691,0.000000,0.000000,0.000000,2.374051,7.360266,0.00100000
1,385,21.914438,0.005527,113.5628,0.000000,0.000000,0.000000,2.504149,6.658620,0.00100000
1,386,21.958328,0.005422,118.2858,0.000000,0.000000,0.000000,2.286906,7.620441,0.00100000
1,387,21.988396,0.005481,113.6482,0.000000,0.000000,0.000000,2.558194,7.043501,0.00100000
1,388,21.248447,0.005245,114.8874,0.000000,0.000000,0.000000,2.544101,7.054491,0.00100000
1,389,22.449957,0.005470,110.9810,0.000000,0.000000,0.000000,2.616137,7.973747,0.00100000
1,390,20.661716,0.005113,122.7309,0.000000,0.000000,0.000000,2.483923,6.771559,0.00100000
1,391,22.078020,0.005485,121.1780,0.000000,0.000000,0.000000,2.535061,7.221232,0.00100000
2,1,24.414089,0.006140,114.9920,0.000000,0.000000,0.000000,2.460050,7.859155,0.00097553
2,2,23.276628,0.005768,114.7596,0.000000,0.000000,0.000000,2.465586,7.908303,0.00097553
2,3,23.338011,0.005803,114.9172,0.000000,0.000000,0.000000,2.455017,7.822278,0.00097553
2,4,24.624996,0.006186,106.3170,0.000000,0.000000,0.000000,2.586995,7.866074,0.00097553
2,5,24.068567,0.006032,116.8841,0.000000,0.000000,0.000000,2.478120,7.828724,0.00097553
2,6,24.452484,0.006110,112.6865,0.000000,0.000000,0.000000,2.490229,8.095793,0.00097553
2,7,23.514374,0.005890,112.5437,0.000000,0.000000,0.000000,2.500735,7.585520,0.00097553
2,8,24.248371,0.006122,111.6861,0.000000,0.000000,0.000000,2.556383,7.545515,0.00097553
2,9,22.934877,0.005695,110.0384,0.000000,0.000000,0.000000,2.456917,7.690988,0.00097553
2,10,23.379368,0.005768,104.4592,0.000000,0.000000,0.000000,2.524717,8.054950,0.00097553
2,11,22.634850,0.005595,110.1206,0.000000,0.000000,0.000000,2.509613,7.667414,0.00097553
2,12,22.659225,0.005615,108.2105,0.000000,0.000000,0.000000,2.466957,7.636397,0.00097553
2,13,22.795269,0.005632,111.9419,0.000000,0.000000,0.000000,2.462926,7.805389,0.00097553
2,14,22.660896,0.005543,108.2009,0.000000,0.000000,0.000000,2.456075,8.100044,0.00097553
2,15,22.437344,0.005461,112.0252,0.000000,0.000000,0.000000,2.415358,8.207184,0.00097553
2,16,22.655689,0.005596,108.9455,0.000000,0.000000,0.000000,2.518685,7.697314,0.00097553
2,17,21.679520,0.005293,113.2974,0.000000,0.000000,0.000000,2.353757,7.809700,0.00097553
2,18,21.192383,0.005117,110.0225,0.000000,0.000000,0.000000,2.466502,7.824317,0.00097553
2,19,21.090782,0.005115,108.3976,0.000000,0.000000,0.000000,2.468547,7.631031,0.00097553
2,20,21.647263,0.005255,114.9991,0.000000,0.000000,0.000000,2.421037,7.911986,0.00097553
2,21,21.210941,0.005117,110.8842,0.000000,0.000000,0.000000,2.407810,7.919980,0.00097553
2,22,21.834665,0.005345,112.1592,0.000000,0.000000,0.000000,2.474140,7.671670,0.00097553
2,23,21.876820,0.005373,111.1098,0.000000,0.000000,0.000000,2.520478,7.536769,0.00097553
2,24,21.405928,0.005204,107.5396,0.000000,0.000000,0.000000,2.468075,7.704623,0.00097553
2,25,20.569080,0.004970,116.2854,0.000000,0.000000,0.000000,2.508058,7.458717,0.00097553
2,26,21.513365,0.005358,117.4971,0.000000,0.000000,0.000000,2.463596,6.955956,0.00097553
2,27,21.231342,0.005233,128.2086,0.000000,0.000000,0.000000,2.145386,7.493039,0.00097553
2,28,21.792463,0.005445,125.1842,0.000000,0.000000,0.000000,2.283396,7.151326,0.00097553
2,29,24.120499,0.006054,107.0417,0.000000,0.000000,0.000000,2.595113,7.676303,0.00097553
2,30,23.293720,0.005925,110.5816,0.000000,0.000000,0.000000,2.520907,6.903168,0.00097553
2,31,22.011097,0.005642,118.8996,0.000000,0.000000,0.000000,2.455883,6.181843,0.00097553
2,32,22.587578,0.005762,112.9704,0.000000,0.000000,0.000000,2.482820,6.550474,0.00097553
2,33,22.179108,0.005575,112.2255,0.000000,0.000000,0.000000,2.574560,6.814831,0.00097553
2,34,22.774157,0.005791,126.1187,0.000000,0.000000,0.000000,2.261438,6.966128,0.00097553
2,35,22.024309,0.005363,112.7406,0.000000,0.000000,0.000000,2.498789,7.913327,0.00097553
2,36,21.893097,0.005351,115.5215,0.000000,0.000000,0.000000,2.471523,7.753504,0.00097553
2,37,23.092026,0.005704,109.9819,0.000000,0.000000,0.000000,2.536363,7.870625,0.00097553
2,38,20.870029,0.005049,114.0044,0.000000,0.000000,0.000000,2.453581,7.618581,0.00097553
2,39,22.243055,0.005442,114.0537,0.000000,0.000000,0.000000,2.491135,7.860810,0.00097553
2,40,22.315735,0.005500,113.8560,0.000000,0.000000,0.000000,2.488555,7.647078,0.00097553
2,41,22.143620,0.005419,113.5053,0.000000,0.000000,0.000000,2.493795,7.807855,0.00097553
2,42,21.468508,0.005193,110.2005,0.000000,0.000000,0.000000,2.476109,7.890028,0.00097553
2,43,24.104551,0.005794,102.3737,0.000000,0.000000,0.000000,2.690108,9.178662,0.00097553
2,44,23.071381,0.005650,102.7385,0.000000,0.000000,0.000000,2.653149,8.055406,0.00097553
2,45,20.469322,0.005043,126.7375,0.000000,0.000000,0.000000,2.310156,7.001405,0.00097553
2,46,20.727892,0.005178,123.6860,0.000000,0.000000,0.000000,2.400017,6.578228,0.00097553
2,47,22.108501,0.005522,119.2546,0.000000,0.000000,0.000000,2.543341,7.041853,0.00097553
2,48,24.324661,0.005919,102.2877,0.000000,0.000000,0.000000,2.656259,8.871202,0.00097553
2,49,23.846880,0.005900,102.6816,0.000000,0.000000,0.000000,2.510715,8.177678,0.00097553
2,50,20.819080,0.005165,119.7594,0.000000,0.000000,0.000000,2.380211,6.864126,0.00097553
2,51,21.661873,0.005379,122.3749,0.000000,0.000000,0.000000,2.590008,6.997808,0.00097553
2,52,22.824215,0.005646,109.7801,0.000000,0.000000,0.000000,2.437221,7.797414,0.00097553
2,53,23.012934,0.005707,113.3155,0.000000,0.000000,0.000000,2.452215,7.779750,0.00097553
2,54,23.009089,0.005741,114.7234,0.000000,0.000000,0.000000,2.459770,7.551418,0.00097553
2,55,22.160685,0.005480,120.3136,0.000000,0.000000,0.000000,2.439040,7.510144,0.00097553
2,56,23.280449,0.005790,116.8169,0.000000,0.000000,0.000000,2.404791,7.842558,0.00097553
2,57,23.264267,0.005773,113.7928,0.000000,0.000000,0.000000,2.526544,7.793954,0.00097553
2,58,22.866837,0.005673,111.6225,0.000000,0.000000,0.000000,2.449891,7.704085,0.00097553
2,59,22.959461,0.005690,111.2389,0.000000,0.000000,0.000000,2.448914,7.780015,0.00097553
2,60,22.634319,0.005785,111.8517,0.000000,0.000000,0.000000,2.607412,6.374802,0.00097553
2,61,21.869984,0.005488,119.6572,0.000000,0.000000,0.000000,2.543735,6.775866,0.00097553
2,62,21.706993,0.005390,124.9976,0.000000,0.000000,0.000000,2.309438,7.298162,0.00097553
2,63,20.667553,0.004981,123.9358,0.000000,0.000000,0.000000,2.191600,7.903276,0.00097553
2,64,23.204477,0.005838,106.8929,0.000000,0.000000,0.000000,2.547603,7.243524,0.00097553
2,65,20.400406,0.004906,122.3220,0.000000,0.000000,0.000000,2.320199,7.710829,0.00097553
2,66,22.466307,0.005634,115.6104,0.000000,0.000000,0.000000,2.480162,7.114144,0.00097553
2,67,19.464638,0.004558,131.2037,0.000000,0.000000,0.000000,2.276828,8.067308,0.00097553
2,68,19.208004,0.004563,121.7049,0.000000,0.000000,0.000000,2.258696,7.537591,0.00097553
2,69,24.283766,0.006010,103.4338,0.000000,0.000000,0.000000,2.496109,8.374630,0.00097553
2,70,23.521387,0.005853,109.2797,0.000000,0.000000,0.000000,2.419000,7.912366,0.00097553
2,71,21.627548,0.005376,121.5935,0.000000,0.000000,0.000000,2.271043,7.266811,0.00097553
2,72,23.499617,0.005996,109.2566,0.000000,0.000000,0.000000,2.528084,6.863899,0.00097553
2,73,23.923370,0.006111,104.6233,0.000000,0.000000,0.000000,2.544378,6.973921,0.00097553
2,74,22.600317,0.005716,117.0039,0.000000,0.000000,0.000000,2.424727,6.924259,0.00097553
2,75,24.899452,0.006226,100.2270,0.000000,0.000000,0.000000,2.571111,8.176508,0.00097553
2,76,21.736837,0.005402,123.0736,0.000000,0.000000,0.000000,2.442723,7.147091,0.00097553
2,77,25.207117,0.006218,93.9977,0.000000,0.000000,0.000000,2.634845,8.782150,0.00097553
2,78,22.260569,0.005487,112.0972,0.000000,0.000000,0.000000,2.459889,7.645519,0.00097553
2,79,23.878187,0.005977,102.6250,0.000000,0.000000,0.000000,2.578023,7.693619,0.00097553
2,80,24.531982,0.005999,96.1678,0.000000,0.000000,0.000000,2.567859,8.867308,0.00097553
2,81,22.485661,0.005623,104.6717,0.000000,0.000000,0.000000,2.579065,7.125807,0.00097553
2,82,20.423737,0.005053,118.1904,0.000000,0.000000,0.000000,2.391748,6.760349,0.00097553
2,83,21.104656,0.005364,117.0216,0.000000,0.000000,0.000000,2.520817,6.045108,0.00097553
2,84,21.364277,0.005371,118.0068,0.000000,0.000000,0.000000,2.547502,6.494216,0.00097553
2,85,20.457357,0.005075,123.1910,0.000000,0.000000,0.000000,2.362957,6.724239,0.00097553
2,86,22.855764,0.005712,117.0861,0.000000,0.000000,0.000000,2.434432,7.448487,0.00097553
2,87,23.906933,0.006093,108.9373,0.000000,0.000000,0.000000,2.462481,7.136226,0.00097553
2,88,23.111504,0.005917,122.6098,0.000000,0.000000,0.000000,2.536012,6.572875,0.00097553
2,89,24.472984,0.006314,118.7443,0.000000,0.000000,0.000000,2.480752,6.864211,0.00097553
2,90,22.032349,0.005565,121.6321,0.000000,0.000000,0.000000,2.362035,6.799792,0.00097553
2,91,23.196524,0.005893,121.7185,0.000000,0.000000,0.000000,2.467284,6.965800,0.00097553
2,92,22.883635,0.005631,129.0258,0.000000,0.000000,0.000000,2.444541,8.008227,0.00097553
2,93,23.043226,0.005862,122.0697,0.000000,0.000000,0.000000,2.478312,6.839945,0.00097553
2,94,23.789703,0.006108,123.0229,0.000000,0.000000,0.000000,2.541554,6.726089,0.00097553
2,95,21.373096,0.005323,124.3714,0.000000,0.000000,0.000000,2.320765,7.037824,0.00097553
2,96,24.364763,0.006077,115.5519,0.000000,0.000000,0.000000,2.556666,8.057044,0.00097553
2,97,25.325808,0.006341,101.0587,0.000000,0.000000,0.000000,2.625345,8.257779,0.00097553
2,98,24.180748,0.006273,110.5752,0.000000,0.000000,0.000000,2.494309,6.522385,0.00097553
2,99,23.949280,0.006123,111.8675,0.000000,0.000000,0.000000,2.519785,6.972492,0.00097553
2,100,21.659315,0.005398,126.8663,0.000000,0.000000,0.000000,2.398146,7.063732,0.00097553
2,101,20.833632,0.004994,132.1915,0.000000,0.000000,0.000000,2.325126,8.017948,0.00097553
2,102,22.270185,0.005584,126.0525,0.000000,0.000000,0.000000,2.474787,7.040660,0.00097553
2,103,21.897554,0.005384,125.8192,0.000000,0.000000,0.000000,2.517627,7.509899,0.00097553
2,104,23.652483,0.005806,102.8255,0.000000,0.000000,0.000000,2.680532,8.208439,0.00097553
2,105,22.537477,0.005541,125.5182,0.000000,0.000000,0.000000,2.538356,7.782700,0.00097553
2,106,22.780460,0.005702,114.3317,0.000000,0.000000,0.000000,2.541577,7.258883,0.00097553
2,107,21.365280,0.005249,121.3521,0.000000,0.000000,0.000000,2.430075,7.380959,0.00097553
2,108,23.032135,0.005685,106.6941,0.000000,0.000000,0.000000,2.662055,7.746407,0.00097553
2,109,22.657116,0.005636,107.1493,0.000000,0.000000,0.000000,2.547863,7.416388,0.00097553
2,110,23.347336,0.005564,92.5769,0.000000,0.000000,0.000000,2.598665,9.200289,0.00097553
2,111,21.130911,0.005194,129.3330,0.000000,0.000000,0.000000,2.378023,7.305541,0.00097553
2,112,20.934772,0.005106,125.0619,0.000000,0.000000,0.000000,2.348119,7.496416,0.00097553
2,113,21.693407,0.005429,113.6196,0.000000,0.000000,0.000000,2.363474,6.971453,0.00097553
2,114,21.119463,0.005256,124.4278,0.000000,0.000000,0.000000,2.480095,6.792110,0.00097553
2,115,21.426958,0.005448,117.9273,0.000000,0.000000,0.000000,2.525192,6.161169,0.00097553
2,116,23.862103,0.006002,103.4939,0.000000,0.000000,0.000000,2.603540,7.473799,0.00097553
2,117,24.809650,0.006260,99.1461,0.000000,0.000000,0.000000,2.604530,7.755114,0.00097553
2,118,21.570204,0.005424,113.5301,0.000000,0.000000,0.000000,2.485703,6.633229,0.00097553
2,119,23.582832,0.005882,110.8321,0.000000,0.000000,0.000000,2.511257,7.760054,0.00097553
2,120,19.831362,0.004829,115.4751,0.000000,0.000000,0.000000,2.376469,6.998520,0.00097553
2,121,19.256546,0.004528,109.5797,0.000000,0.000000,0.000000,2.338000,7.775093,0.00097553
2,122,22.561062,0.005361,100.4043,0.000000,0.000000,0.000000,2.523020,8.975000,0.00097553
2,123,19.242188,0.004683,118.0136,0.000000,0.000000,0.000000,2.484774,6.629042,0.00097553
2,124,18.344994,0.004381,119.7131,0.000000,0.000000,0.000000,2.444932,6.764703,0.00097553
2,125,19.108681,0.004617,114.3447,0.000000,0.000000,0.000000,2.518743,6.740488,0.00097553
2,126,17.629782,0.004064,126.2908,0.000000,0.000000,0.000000,2.443507,7.327459,0.00097553
2,127,18.181849,0.004267,118.8306,0.000000,0.000000,0.000000,2.549304,7.048755,0.00097553
2,128,21.653475,0.005275,123.5134,0.000000,0.000000,0.000000,2.540522,7.680511,0.00097553
2,129,20.857288,0.005187,119.3428,0.000000,0.000000,0.000000,2.397980,6.780970,0.00097553
2,130,19.404797,0.004586,123.5995,0.000000,0.000000,0.000000,2.190565,7.855004,0.00097553
2,131,19.373047,0.004601,120.9533,0.000000,0.000000,0.000000,2.261569,7.625020,0.00097553
2,132,21.741285,0.005451,116.3512,0.000000,0.000000,0.000000,2.539811,6.753880,0.00097553
2,133,21.331331,0.005298,111.1534,0.000000,0.000000,0.000000,2.542167,6.889970,0.00097553
2,134,19.030077,0.004535,128.9666,0.000000,0.000000,0.000000,2.336462,7.279754,0.00097553
2,135,23.155470,0.005689,109.4888,0.000000,0.000000,0.000000,2.620767,8.010944,0.00097553
2,136,25.991552,0.006292,99.3460,0.000000,0.000000,0.000000,2.666964,9.854660,0.00097553
2,137,21.100468,0.005124,112.7411,0.000000,0.000000,0.000000,2.418558,7.643390,0.00097553
2,138,19.269394,0.004661,121.9963,0.000000,0.000000,0.000000,2.485938,6.820736,0.00097553
2,139,17.986053,0.004196,126.1815,0.000000,0.000000,0.000000,2.369005,7.283528,0.00097553
2,140,20.102135,0.004766,115.9293,0.000000,0.000000,0.000000,2.414187,7.898375,0.00097553
2,141,20.843735,0.005118,112.7051,0.000000,0.000000,0.000000,2.550623,7.037254,0.00097553
2,142,19.328264,0.004792,119.2317,0.000000,0.000000,0.000000,2.484237,6.117611,0.00097553
2,143,21.907726,0.005373,103.3478,0.000000,0.000000,0.000000,2.541784,7.574278,0.00097553
2,144,19.234879,0.004602,113.4627,0.000000,0.000000,0.000000,2.592664,7.014877,0.00097553
2,145,21.035233,0.005130,113.2293,0.000000,0.000000,0.000000,2.591861,7.300978,0.00097553
2,146,20.053185,0.004887,120.3774,0.000000,0.000000,0.000000,2.510302,6.946764,0.00097553
2,147,21.004869,0.005141,110.7025,0.000000,0.000000,0.000000,2.514368,7.252318,0.00097553
2,148,19.878292,0.004859,122.3648,0.000000,0.000000,0.000000,2.357813,6.922206,0.00097553
2,149,18.673191,0.004436,126.4020,0.000000,0.000000,0.000000,2.359902,7.162802,0.00097553
2,150,20.008894,0.004904,115.8920,0.000000,0.000000,0.000000,2.456499,6.802224,0.00097553
2,151,18.135685,0.004255,122.4817,0.000000,0.000000,0.000000,2.285372,7.299736,0.00097553
2,152,19.485111,0.004689,113.8339,0.000000,0.000000,0.000000,2.500230,7.060337,0.00097553
2,153,19.991064,0.004967,114.0709,0.000000,0.000000,0.000000,2.504197,6.323258,0.00097553
2,154,24.732990,0.006345,111.2610,0.000000,0.000000,0.000000,2.557964,7.112999,0.00097553
2,155,22.853277,0.005701,119.5403,0.000000,0.000000,0.000000,2.508333,7.441340,0.00097553
2,156,23.153301,0.005815,120.3164,0.000000,0.000000,0.000000,2.484002,7.350969,0.00097553
2,157,23.911665,0.005853,115.0072,0.000000,0.000000,0.000000,2.608660,8.503728,0.00097553
2,158,22.687666,0.005774,119.9392,0.000000,0.000000,0.000000,2.493357,6.667634,0.00097553
2,159,22.100048,0.005558,120.2140,0.000000,0.000000,0.000000,2.352202,6.985289,0.00097553
2,160,23.098856,0.005932,115.3944,0.000000,0.000000,0.000000,2.470684,6.521761,0.00097553
2,161,23.480288,0.005965,107.9011,0.000000,0.000000,0.000000,2.465193,7.083370,0.00097553
2,162,20.298033,0.005030,125.3685,0.000000,0.000000,0.000000,2.488421,6.556633,0.00097553
2,163,21.911961,0.005471,121.1973,0.000000,0.000000,0.000000,2.534170,6.976920,0.00097553
2,164,22.800810,0.005728,101.0755,0.000000,0.000000,0.000000,2.618634,7.057542,0.00097553
2,165,23.746414,0.005839,99.5190,0.000000,0.000000,0.000000,2.539608,8.330149,0.00097553
2,166,22.052708,0.005525,110.0480,0.000000,0.000000,0.000000,2.422663,7.030252,0.00097553
2,167,23.049042,0.005671,105.9211,0.000000,0.000000,0.000000,2.642283,7.884786,0.00097553
2,168,21.501034,0.005395,114.7609,0.000000,0.000000,0.000000,2.503405,6.663109,0.00097553
2,169,21.726294,0.005440,118.5896,0.000000,0.000000,0.000000,2.441829,6.893932,0.00097553
2,170,20.728586,0.005074,118.1644,0.000000,0.000000,0.000000,2.333170,7.301732,0.00097553
2,171,24.057354,0.006124,109.3677,0.000000,0.000000,0.000000,2.449345,7.252542,0.00097553
2,172,23.186483,0.005930,113.1372,0.000000,0.000000,0.000000,2.564957,6.614226,0.00097553
2,173,22.770525,0.005680,124.5119,0.000000,0.000000,0.000000,2.495656,7.421090,0.00097553
2,174,21.742743,0.005402,124.2379,0.000000,0.000000,0.000000,2.364024,7.240383,0.00097553
2,175,22.951683,0.005828,116.5208,0.000000,0.000000,0.000000,2.486746,6.865904,0.00097553
2,176,22.107363,0.005537,120.1429,0.000000,0.000000,0.000000,2.417725,7.070668,0.00097553
2,177,21.270992,0.005296,125.4121,0.000000,0.000000,0.000000,2.379658,6.946306,0.00097553
2,178,20.956781,0.005128,127.9515,0.000000,0.000000,0.000000,2.386386,7.366549,0.00097553
2,179,22.497017,0.005688,112.1875,0.000000,0.000000,0.000000,2.550985,6.767160,0.00097553
2,180,23.746830,0.005933,106.7308,0.000000,0.000000,0.000000,2.490316,7.788591,0.00097553
2,181,24.773390,0.006188,102.5680,0.000000,0.000000,0.000000,2.573332,8.160674,0.00097553
2,182,24.436720,0.005996,96.4043,0.000000,0.000000,0.000000,2.547238,8.717602,0.00097553
2,183,21.166161,0.005262,122.9914,0.000000,0.000000,0.000000,2.423139,6.903434,0.00097553
2,184,22.795671,0.005626,107.9119,0.000000,0.000000,0.000000,2.531404,7.771737,0.00097553
2,185,22.349478,0.005522,115.5345,0.000000,0.000000,0.000000,2.584521,7.482460,0.00097553
2,186,21.482885,0.005300,118.9829,0.000000,0.000000,0.000000,2.584134,7.141265,0.00097553
2,187,21.670628,0.005478,116.6219,0.000000,0.000000,0.000000,2.570251,6.414549,0.00097553
2,188,22.865564,0.005700,117.7789,0.000000,0.000000,0.000000,2.542150,7.437925,0.00097553
2,189,23.271381,0.006051,116.9955,0.000000,0.000000,0.000000,2.534616,6.053404,0.00097553
2,190,21.623371,0.005354,121.5061,0.000000,0.000000,0.000000,2.470836,7.195706,0.00097553
2,191,22.485966,0.005460,116.3087,0.000000,0.000000,0.000000,2.601857,8.125937,0.00097553
2,192,24.075672,0.005968,101.8131,0.000000,0.000000,0.000000,2.642875,8.074042,0.00097553
2,193,22.536285,0.005588,107.6005,0.000000,0.000000,0.000000,2.453001,7.570544,0.00097553
2,194,22.621210,0.005595,109.6353,0.000000,0.000000,0.000000,2.606222,7.544329,0.00097553
2,195,22.699327,0.005557,110.2809,0.000000,0.000000,0.000000,2.635242,7.908665,0.00097553
2,196,20.380875,0.004886,126.6052,0.000000,0.000000,0.000000,2.466768,7.651668,0.00097553
2,197,19.585266,0.004700,125.6363,0.000000,0.000000,0.000000,2.314030,7.378268,0.00097553
2,198,20.784222,0.005201,121.0504,0.000000,0.000000,0.000000,2.490732,6.458109,0.00097553
2,199,20.588808,0.005063,118.2442,0.000000,0.000000,0.000000,2.437371,6.985965,0.00097553
2,200,20.800959,0.005251,116.8886,0.000000,0.000000,0.000000,2.484611,6.184876,0.00097553
2,201,21.046631,0.005265,119.3011,0.000000,0.000000,0.000000,2.472378,6.595865,0.00097553
2,202,20.610664,0.005154,114.1309,0.000000,0.000000,0.000000,2.457978,6.438470,0.00097553
2,203,23.488922,0.005871,103.5100,0.000000,0.000000,0.000000,2.595917,7.556138,0.00097553
2,204,21.005655,0.005105,108.2917,0.000000,0.000000,0.000000,2.439173,7.552991,0.00097553
2,205,25.136307,0.006269,100.8482,0.000000,0.000000,0.000000,2.550649,8.401074,0.00097553
2,206,22.453794,0.005732,116.1339,0.000000,0.000000,0.000000,2.589783,6.367322,0.00097553
2,207,22.827936,0.005776,119.1998,0.000000,0.000000,0.000000,2.328793,7.100239,0.00097553
2,208,22.531879,0.005676,115.8641,0.000000,0.000000,0.000000,2.482864,6.980562,0.00097553
2,209,22.747034,0.005799,116.9912,0.000000,0.000000,0.000000,2.582273,6.538548,0.00097553
2,210,22.509125,0.005824,117.0957,0.000000,0.000000,0.000000,2.553003,5.934181,0.00097553
2,211,24.293217,0.006026,106.3454,0.000000,0.000000,0.000000,2.654680,8.139812,0.00097553
2,212,22.252277,0.005525,123.5213,0.000000,0.000000,0.000000,2.555686,7.293941,0.00097553
2,213,24.086128,0.006097,117.2993,0.000000,0.000000,0.000000,2.568738,7.360528,0.00097553
2,214,23.420383,0.005903,107.9856,0.000000,0.000000,0.000000,2.463900,7.355641,0.00097553
2,215,22.832251,0.005823,115.6842,0.000000,0.000000,0.000000,2.536863,6.607488,0.00097553
2,216,23.146255,0.005921,109.2771,0.000000,0.000000,0.000000,2.551860,6.606855,0.00097553
2,217,26.298044,0.006624,92.3787,0.000000,0.000000,0.000000,2.619412,8.431924,0.00097553
2,218,26.374275,0.006472,95.1220,0.000000,0.000000,0.000000,2.663440,9.493386,0.00097553
2,219,20.903133,0.005101,125.6927,0.000000,0.000000,0.000000,2.255215,7.554944,0.00097553
2,220,19.464874,0.004601,130.1924,0.000000,0.000000,0.000000,2.241610,7.830195,0.00097553
2,221,23.726446,0.006020,109.7718,0.000000,0.000000,0.000000,2.549362,7.147903,0.00097553
2,222,21.746580,0.005330,125.8301,0.000000,0.000000,0.000000,2.548082,7.515046,0.00097553
2,223,20.481827,0.004972,119.1532,0.000000,0.000000,0.000000,2.183913,7.598312,0.00097553
2,224,23.015770,0.005716,112.7624,0.000000,0.000000,0.000000,2.528814,7.651255,0.00097553
2,225,20.364519,0.004996,128.4415,0.000000,0.000000,0.000000,2.403771,6.992614,0.00097553
2,226,22.981052,0.005618,114.9569,0.000000,0.000000,0.000000,2.573302,8.152679,0.00097553
2,227,23.037964,0.005648,111.2932,0.000000,0.000000,0.000000,2.633949,8.018087,0.00097553
2,228,21.060207,0.005265,114.3856,0.000000,0.000000,0.000000,2.543399,6.554666,0.00097553
2,229,24.081425,0.005965,99.9827,0.000000,0.000000,0.000000,2.647597,8.103930,0.00097553
2,230,21.438940,0.005237,131.0079,0.000000,0.000000,0.000000,2.350010,7.682804,0.00097553
2,231,21.002310,0.005045,130.2018,0.000000,0.000000,0.000000,2.153981,8.206692,0.00097553
2,232,20.707926,0.005014,130.6419,0.000000,0.000000,0.000000,2.273728,7.695048,0.00097553
2,233,23.101919,0.005877,113.8377,0.000000,0.000000,0.000000,2.425900,6.916947,0.00097553
2,234,21.724480,0.005437,123.1639,0.000000,0.000000,0.000000,2.488541,6.861747,0.00097553
2,235,22.472904,0.005674,117.4781,0.000000,0.000000,0.000000,2.468507,6.891407,0.00097553
2,236,25.195709,0.006198,89.6635,0.000000,0.000000,0.000000,2.619339,8.899165,0.00097553
2,237,22.463902,0.005625,118.0042,0.000000,0.000000,0.000000,2.555127,7.093711,0.00097553
2,238,21.757933,0.005530,119.9609,0.000000,0.000000,0.000000,2.557071,6.275909,0.00097553
2,239,21.102995,0.005241,124.9292,0.000000,0.000000,0.000000,2.369970,6.963403,0.00097553
2,240,24.587418,0.006209,106.2157,0.000000,0.000000,0.000000,2.656990,7.576711,0.00097553
2,241,20.866362,0.005131,113.4881,0.000000,0.000000,0.000000,2.368678,7.181782,0.00097553
2,242,19.911840,0.004783,120.7186,0.000000,0.000000,0.000000,2.322153,7.503399,0.00097553
2,243,20.762333,0.005170,117.2174,0.000000,0.000000,0.000000,2.511723,6.584820,0.00097553
2,244,21.159348,0.005203,119.8779,0.000000,0.000000,0.000000,2.481640,7.202034,0.00097553
2,245,22.689146,0.005720,103.3671,0.000000,0.000000,0.000000,2.600688,6.901888,0.00097553
2,246,20.282360,0.004960,120.7574,0.000000,0.000000,0.000000,2.472209,6.985517,0.00097553
2,247,21.454550,0.005388,119.4817,0.000000,0.000000,0.000000,2.409841,6.707246,0.00097553
2,248,22.530951,0.005491,113.5823,0.000000,0.000000,0.000000,2.658739,7.963077,0.00097553
2,249,21.519424,0.005263,115.6520,0.000000,0.000000,0.000000,2.565773,7.464308,0.00097553
2,250,21.437256,0.005282,118.0285,0.000000,0.000000,0.000000,2.573609,7.169138,0.00097553
2,251,20.545475,0.005069,117.6458,0.000000,0.000000,0.000000,2.339341,6.961069,0.00097553
2,252,21.717678,0.005540,115.0693,0.000000,0.000000,0.000000,2.552792,6.135706,0.00097553
2,253,22.685162,0.005594,102.3016,0.000000,0.000000,0.000000,2.645769,7.638861,0.00097553
2,254,21.259941,0.005246,110.1125,0.000000,0.000000,0.000000,2.605772,7.010425,0.00097553
2,255,23.166164,0.005631,96.4024,0.000000,0.000000,0.000000,2.694668,8.317809,0.00097553
2,256,21.343323,0.005318,123.4360,0.000000,0.000000,0.000000,2.520829,6.812799,0.00097553
2,257,22.836081,0.005771,116.9456,0.000000,0.000000,0.000000,2.544305,6.932638,0.00097553
2,258,22.184250,0.005575,116.7967,0.000000,0.000000,0.000000,2.516801,6.887870,0.00097553
2,259,24.144163,0.006012,106.3450,0.000000,0.000000,0.000000,2.635330,7.948450,0.00097553
2,260,22.346867,0.005598,112.3447,0.000000,0.000000,0.000000,2.507568,7.073128,0.00097553
2,261,24.419239,0.006080,104.2032,0.000000,0.000000,0.000000,2.667144,8.034837,0.00097553
2,262,21.668913,0.005429,120.4798,0.000000,0.000000,0.000000,2.592500,6.694519,0.00097553
2,263,20.724850,0.005238,121.3011,0.000000,0.000000,0.000000,2.446178,6.153509,0.00097553
2,264,21.506031,0.005363,127.0274,0.000000,0.000000,0.000000,2.411882,6.965119,0.00097553
2,265,22.629122,0.005792,120.4397,0.000000,0.000000,0.000000,2.475667,6.452086,0.00097553
2,266,21.762302,0.005446,118.7532,0.000000,0.000000,0.000000,2.330558,7.034533,0.00097553
2,267,23.299091,0.005889,112.6673,0.000000,0.000000,0.000000,2.521650,7.141752,0.00097553
2,268,22.457491,0.005697,115.1118,0.000000,0.000000,0.000000,2.570167,6.613345,0.00097553
2,269,21.985291,0.005421,120.8104,0.000000,0.000000,0.000000,2.538213,7.429155,0.00097553
2,270,21.112312,0.005256,122.6528,0.000000,0.000000,0.000000,2.469796,6.788900,0.00097553
2,271,20.959713,0.005141,121.2422,0.000000,0.000000,0.000000,2.433424,7.241832,0.00097553
2,272,19.940781,0.004764,128.0410,0.000000,0.000000,0.000000,2.197184,7.806376,0.00097553
2,273,22.607464,0.005621,121.0844,0.000000,0.000000,0.000000,2.427078,7.534355,0.00097553
2,274,20.683296,0.004944,117.2676,0.000000,0.000000,0.000000,2.135924,8.222738,0.00097553
2,275,21.598490,0.005383,122.1482,0.000000,0.000000,0.000000,2.451355,6.984436,0.00097553
2,276,20.697754,0.005203,118.2000,0.000000,0.000000,0.000000,2.524810,6.235255,0.00097553
2,277,21.390903,0.005338,119.2736,0.000000,0.000000,0.000000,2.557312,6.742253,0.00097553
2,278,22.444588,0.005613,115.1780,0.000000,0.000000,0.000000,2.529988,7.156412,0.00097553
2,279,19.399111,0.004651,127.7208,0.000000,0.000000,0.000000,2.355444,7.269591,0.00097553
2,280,24.847403,0.006170,99.2994,0.000000,0.000000,0.000000,2.630794,8.364310,0.00097553
2,281,21.031460,0.005233,120.1915,0.000000,0.000000,0.000000,2.547255,6.694096,0.00097553
2,282,22.829544,0.005779,110.6519,0.000000,0.000000,0.000000,2.497599,6.912704,0.00097553
2,283,23.124273,0.005850,106.8898,0.000000,0.000000,0.000000,2.570277,6.983987,0.00097553
2,284,24.252346,0.006040,100.8410,0.000000,0.000000,0.000000,2.593163,8.028892,0.00097553
2,285,22.106766,0.005500,116.6105,0.000000,0.000000,0.000000,2.629476,7.088448,0.00097553
2,286,21.671906,0.005412,114.1380,0.000000,0.000000,0.000000,2.539049,6.861906,0.00097553
2,287,24.092068,0.006018,98.4191,0.000000,0.000000,0.000000,2.609528,7.828628,0.00097553
2,288,23.239529,0.005699,102.5453,0.000000,0.000000,0.000000,2.448298,8.286624,0.00097553
2,289,20.258398,0.005044,117.0301,0.000000,0.000000,0.000000,2.538495,6.342014,0.00097553
2,290,24.133499,0.006036,104.9361,0.000000,0.000000,0.000000,2.628479,7.782619,0.00097553
2,291,21.676271,0.005332,116.1249,0.000000,0.000000,0.000000,2.424194,7.484674,0.00097553
2,292,21.002893,0.005242,125.8315,0.000000,0.000000,0.000000,2.438147,6.689336,0.00097553
2,293,22.525763,0.005728,114.7988,0.000000,0.000000,0.000000,2.519218,6.603922,0.00097553
2,294,22.229427,0.005658,115.8295,0.000000,0.000000,0.000000,2.571457,6.400286,0.00097553
2,295,22.306005,0.005519,110.4544,0.000000,0.000000,0.000000,2.493778,7.506145,0.00097553
2,296,24.906399,0.006211,105.7127,0.000000,0.000000,0.000000,2.617412,8.239445,0.00097553
2,297,22.679892,0.005727,109.7543,0.000000,0.000000,0.000000,2.510185,6.928611,0.00097553
2,298,21.353390,0.005344,120.8612,0.000000,0.000000,0.000000,2.392541,6.799232,0.00097553
2,299,21.400740,0.005393,109.7162,0.000000,0.000000,0.000000,2.486052,6.490974,0.00097553
2,300,19.593552,0.004756,123.7988,0.000000,0.000000,0.000000,2.346065,7.009007,0.00097553
2,301,21.592875,0.005505,116.5790,0.000000,0.000000,0.000000,2.552803,6.106815,0.00097553
2,302,21.844109,0.005423,111.1961,0.000000,0.000000,0.000000,2.609746,7.063595,0.00097553
2,303,20.310001,0.004925,127.3629,0.000000,0.000000,0.000000,2.444195,7.284257,0.00097553
2,304,19.475586,0.004609,131.2020,0.000000,0.000000,0.000000,2.303201,7.737922,0.00097553
2,305,21.647903,0.005270,111.9363,0.000000,0.000000,0.000000,2.561284,7.681902,0.00097553
2,306,23.605099,0.005766,87.9025,0.000000,0.000000,0.000000,2.580518,8.464692,0.00097553
2,307,21.333338,0.005124,113.0520,0.000000,0.000000,0.000000,2.680204,7.850872,0.00097553
2,308,23.653439,0.005660,103.1343,0.000000,0.000000,0.000000,2.685452,9.118838,0.00097553
2,309,18.193230,0.004261,124.2452,0.000000,0.000000,0.000000,2.351476,7.307450,0.00097553
2,310,18.164577,0.004252,123.4239,0.000000,0.000000,0.000000,2.306087,7.357563,0.00097553
2,311,18.418764,0.004418,119.3856,0.000000,0.000000,0.000000,2.544647,6.584059,0.00097553
2,312,18.206360,0.004260,120.4236,0.000000,0.000000,0.000000,2.533469,7.162079,0.00097553
2,313,16.988693,0.003962,126.9174,0.000000,0.000000,0.000000,2.425483,6.699275,0.00097553
2,314,17.382933,0.003963,120.3621,0.000000,0.000000,0.000000,2.626678,7.286004,0.00097553
2,315,24.162716,0.005940,97.4268,0.000000,0.000000,0.000000,2.671473,8.400749,0.00097553
2,316,24.108423,0.005918,101.2515,0.000000,0.000000,0.000000,2.611160,8.486907,0.00097553
2,317,23.833218,0.005889,100.2282,0.000000,0.000000,0.000000,2.609601,8.122989,0.00097553
2,318,23.419998,0.005777,108.3109,0.000000,0.000000,0.000000,2.670331,7.938213,0.00097553
2,319,21.487940,0.005319,124.2229,0.000000,0.000000,0.000000,2.479681,7.136272,0.00097553
2,320,22.945330,0.005694,111.5384,0.000000,0.000000,0.000000,2.449739,7.731239,0.00097553
2,321,22.740168,0.005791,108.2740,0.000000,0.000000,0.000000,2.496317,6.660570,0.00097553
2,322,22.887493,0.005716,111.3226,0.000000,0.000000,0.000000,2.628654,7.292695,0.00097553
2,323,22.809254,0.005638,108.6710,0.000000,0.000000,0.000000,2.652739,7.601364,0.00097553
2,324,22.357666,0.005453,111.8227,0.000000,0.000000,0.000000,2.497548,8.019345,0.00097553
2,325,21.840734,0.005299,112.4146,0.000000,0.000000,0.000000,2.457572,7.988522,0.00097553
2,326,22.095444,0.005352,113.7686,0.000000,0.000000,0.000000,2.487571,8.136090,0.00097553
2,327,22.285673,0.005321,108.1913,0.000000,0.000000,0.000000,2.508375,8.688374,0.00097553
2,328,22.552036,0.005481,105.9400,0.000000,0.000000,0.000000,2.563222,8.163546,0.00097553
2,329,21.519886,0.005137,111.6701,0.000000,0.000000,0.000000,2.469191,8.350977,0.00097553
2,330,20.833033,0.004983,110.4325,0.000000,0.000000,0.000000,2.451049,7.962746,0.00097553
2,331,21.616945,0.005139,107.2782,0.000000,0.000000,0.000000,2.506418,8.498421,0.00097553
2,332,23.512493,0.005820,102.9187,0.000000,0.000000,0.000000,2.713062,7.808005,0.00097553
2,333,21.303146,0.005082,119.5237,0.000000,0.000000,0.000000,2.531359,8.202249,0.00097553
2,334,23.235252,0.005700,102.3119,0.000000,0.000000,0.000000,2.532046,8.189068,0.00097553
2,335,20.877670,0.005176,115.7245,0.000000,0.000000,0.000000,2.491548,6.800577,0.00097553
2,336,19.282459,0.004576,126.7858,0.000000,0.000000,0.000000,2.411838,7.450657,0.00097553
2,337,22.837189,0.005545,106.1666,0.000000,0.000000,0.000000,2.686046,8.209178,0.00097553
2,338,20.199272,0.004998,119.4103,0.000000,0.000000,0.000000,2.436495,6.616575,0.00097553
2,339,22.194487,0.005548,103.2580,0.000000,0.000000,0.000000,2.582905,7.008668,0.00097553
2,340,19.663273,0.004777,112.9970,0.000000,0.000000,0.000000,2.417245,6.947030,0.00097553
2,341,24.367365,0.006230,109.0174,0.000000,0.000000,0.000000,2.649719,7.011631,0.00097553
2,342,24.588997,0.006173,102.1581,0.000000,0.000000,0.000000,2.646497,7.817202,0.00097553
2,343,25.018826,0.006277,98.8602,0.000000,0.000000,0.000000,2.676315,7.991330,0.00097553
2,344,23.735470,0.005928,111.4011,0.000000,0.000000,0.000000,2.518669,7.768829,0.00097553
2,345,23.218412,0.005884,108.9975,0.000000,0.000000,0.000000,2.589724,6.941483,0.00097553
2,346,22.889875,0.005693,110.9951,0.000000,0.000000,0.000000,2.322553,7.753473,0.00097553
2,347,23.392895,0.005822,98.9788,0.000000,0.000000,0.000000,2.528743,7.742772,0.00097553
2,348,23.984077,0.006023,98.4569,0.000000,0.000000,0.000000,2.521854,7.669650,0.00097553
2,349,23.947212,0.006092,102.4808,0.000000,0.000000,0.000000,2.636434,7.050173,0.00097553
2,350,23.538263,0.005968,107.6769,0.000000,0.000000,0.000000,2.594463,7.051152,0.00097553
2,351,25.080288,0.006062,97.2168,0.000000,0.000000,0.000000,2.658569,9.484153,0.00097553
2,352,24.580215,0.006160,100.9413,0.000000,0.000000,0.000000,2.636893,7.890091,0.00097553
2,353,23.723881,0.005976,106.4915,0.000000,0.000000,0.000000,2.603076,7.360769,0.00097553
2,354,22.913021,0.005691,103.3177,0.000000,0.000000,0.000000,2.662344,7.468497,0.00097553
2,355,23.673405,0.005886,101.8816,0.000000,0.000000,0.000000,2.611442,7.819587,0.00097553
2,356,22.008020,0.005493,115.3368,0.000000,0.000000,0.000000,2.602430,6.962074,0.00097553
2,357,21.975544,0.005632,105.5755,0.000000,0.000000,0.000000,2.516951,6.110369,0.00097553
2,358,22.572388,0.005730,118.6556,0.000000,0.000000,0.000000,2.525298,6.682029,0.00097553
2,359,22.163046,0.005554,122.1582,0.000000,0.000000,0.000000,2.326620,7.167822,0.00097553
2,360,22.202660,0.005582,121.1829,0.000000,0.000000,0.000000,2.340913,7.054594,0.00097553
2,361,24.464233,0.006198,107.8565,0.000000,0.000000,0.000000,2.481992,7.570796,0.00097553
2,362,25.230820,0.006419,101.4654,0.000000,0.000000,0.000000,2.520413,7.683021,0.00097553
2,363,22.891064,0.005786,115.8687,0.000000,0.000000,0.000000,2.457534,7.034096,0.00097553
2,364,22.925499,0.005800,116.8811,0.000000,0.000000,0.000000,2.391457,7.083811,0.00097553
2,365,20.858019,0.005022,127.3607,0.000000,0.000000,0.000000,2.220157,7.999555,0.00097553
2,366,25.521469,0.006122,96.7414,0.000000,0.000000,0.000000,2.660008,9.984240,0.00097553
2,367,24.157129,0.005952,102.1016,0.000000,0.000000,0.000000,2.576743,8.406857,0.00097553
2,368,21.282495,0.005386,117.0620,0.000000,0.000000,0.000000,2.469393,6.312932,0.00097553
2,369,21.878933,0.005335,111.6124,0.000000,0.000000,0.000000,2.528939,7.764846,0.00097553
2,370,21.673389,0.005374,113.7762,0.000000,0.000000,0.000000,2.525755,7.115704,0.00097553
2,371,21.521023,0.005308,118.8521,0.000000,0.000000,0.000000,2.368500,7.383885,0.00097553
2,372,20.711802,0.005072,116.5813,0.000000,0.000000,0.000000,2.257540,7.357324,0.00097553
2,373,22.389738,0.005513,113.0400,0.000000,0.000000,0.000000,2.528295,7.672992,0.00097553
2,374,21.395096,0.005313,118.2662,0.000000,0.000000,0.000000,2.587158,6.882516,0.00097553
2,375,21.509716,0.005363,122.1469,0.000000,0.000000,0.000000,2.457987,6.927149,0.00097553
2,376,21.809286,0.005392,110.6967,0.000000,0.000000,0.000000,2.486568,7.310257,0.00097553
2,377,22.106773,0.005535,114.1247,0.000000,0.000000,0.000000,2.535995,6.960962,0.00097553
2,378,22.420523,0.005555,109.8448,0.000000,0.000000,0.000000,2.610051,7.387174,0.00097553
2,379,20.013859,0.004796,130.4486,0.000000,0.000000,0.000000,2.335351,7.612025,0.00097553
2,380,21.353022,0.005334,118.6548,0.000000,0.000000,0.000000,2.451482,6.796855,0.00097553
2,381,21.953146,0.005467,109.4722,0.000000,0.000000,0.000000,2.456187,7.161479,0.00097553
2,382,21.591387,0.005390,114.8651,0.000000,0.000000,0.000000,2.577745,6.798832,0.00097553
2,383,23.551477,0.005873,101.7487,0.000000,0.000000,0.000000,2.617287,7.652843,0.00097553
2,384,20.003283,0.004830,125.4338,0.000000,0.000000,0.000000,2.350298,7.364335,0.00097553
2,385,22.298500,0.005648,113.4756,0.000000,0.000000,0.000000,2.513608,6.656359,0.00097553
2,386,22.565586,0.005622,117.8867,0.000000,0.000000,0.000000,2.249506,7.620151,0.00097553
2,387,21.854395,0.005434,113.8966,0.000000,0.000000,0.000000,2.583502,7.045151,0.00097553
2,388,21.412346,0.005296,114.8736,0.000000,0.000000,0.000000,2.550046,7.055274,0.00097553
2,389,22.666525,0.005543,111.1908,0.000000,0.000000,0.000000,2.592995,7.971589,0.00097553
2,390,20.469101,0.005048,122.6408,0.000000,0.000000,0.000000,2.509168,6.767824,0.00097553
2,391,21.275671,0.005215,121.6784,0.000000,0.000000,0.000000,2.621252,7.219918,0.00097553
3,1,24.095715,0.006039,114.9123,0.000000,0.000000,0.000000,2.453522,7.858194,0.00090451
3,2,24.258698,0.006078,114.9616,0.000000,0.000000,0.000000,2.488016,7.907892,0.00090451
3,3,23.551775,0.005871,115.0622,0.000000,0.000000,0.000000,2.462270,7.821334,0.00090451
3,4,24.356201,0.006108,106.8018,0.000000,0.000000,0.000000,2.536156,7.864709,0.00090451
3,5,23.411266,0.005825,117.3398,0.000000,0.000000,0.000000,2.458494,7.828283,0.00090451
3,6,23.738003,0.005890,112.7187,0.000000,0.000000,0.000000,2.439503,8.093494,0.00090451
3,7,23.893898,0.006014,112.6215,0.000000,0.000000,0.000000,2.480113,7.587182,0.00090451
3,8,23.910877,0.006026,112.1003,0.000000,0.000000,0.000000,2.478669,7.551092,0.00090451
3,9,22.784275,0.005638,110.4948,0.000000,0.000000,0.000000,2.515604,7.694530,0.00090451
3,10,23.189711,0.005705,104.4112,0.000000,0.000000,0.000000,2.547012,8.053283,0.00090451
3,11,22.742867,0.005624,110.5003,0.000000,0.000000,0.000000,2.540629,7.669672,0.00090451
3,12,22.740873,0.005641,107.7341,0.000000,0.000000,0.000000,2.463259,7.637002,0.00090451
3,13,22.748379,0.005616,112.3452,0.000000,0.000000,0.000000,2.463881,7.806498,0.00090451
3,14,22.836445,0.005592,108.3681,0.000000,0.000000,0.000000,2.495431,8.101934,0.00090451
3,15,22.873705,0.005599,111.7952,0.000000,0.000000,0.000000,2.418136,8.210480,0.00090451
3,16,22.637611,0.005597,108.4368,0.000000,0.000000,0.000000,2.471772,7.696783,0.00090451
3,17,22.077124,0.005425,113.2444,0.000000,0.000000,0.000000,2.313009,7.816424,0.00090451
3,18,21.660427,0.005267,110.0021,0.000000,0.000000,0.000000,2.464787,7.821193,0.00090451
3,19,21.369160,0.005201,108.5587,0.000000,0.000000,0.000000,2.487379,7.633381,0.00090451
3,20,20.991732,0.005043,114.8234,0.000000,0.000000,0.000000,2.445848,7.910839,0.00090451
3,21,21.059650,0.005058,110.8039,0.000000,0.000000,0.000000,2.475155,7.920691,0.00090451
3,22,21.367226,0.005195,111.6369,0.000000,0.000000,0.000000,2.482232,7.672268,0.00090451
3,23,21.739996,0.005331,111.1810,0.000000,0.000000,0.000000,2.504103,7.538217,0.00090451
3,24,21.591824,0.005270,106.9354,0.000000,0.000000,0.000000,2.432602,7.700097,0.00090451
3,25,20.474747,0.004955,115.8350,0.000000,0.000000,0.000000,2.417676,7.457150,0.00090451
3,26,21.571558,0.005361,117.7125,0.000000,0.000000,0.000000,2.564855,6.956028,0.00090451
3,27,20.986748,0.005147,127.9885,0.000000,0.000000,0.000000,2.195226,7.496027,0.00090451
3,28,21.514757,0.005353,125.2503,0.000000,0.000000,0.000000,2.303310,7.155158,0.00090451
3,29,23.977417,0.006012,106.9389,0.000000,0.000000,0.000000,2.571247,7.673931,0.00090451
3,30,23.208527,0.005903,110.5342,0.000000,0.000000,0.000000,2.491518,6.900022,0.00090451
3,31,22.373499,0.005757,119.0429,0.000000,0.000000,0.000000,2.460259,6.181075,0.00090451
3,32,22.766439,0.005820,113.0226,0.000000,0.000000,0.000000,2.477571,6.550496,0.00090451
3,33,22.579779,0.005710,111.9448,0.000000,0.000000,0.000000,2.530720,6.814345,0.00090451
3,34,22.466644,0.005693,126.3212,0.000000,0.000000,0.000000,2.265281,6.960000,0.00090451
3,35,21.993774,0.005355,112.8913,0.000000,0.000000,0.000000,2.491171,7.911776,0.00090451
3,36,21.972315,0.005383,115.2512,0.000000,0.000000,0.000000,2.432608,7.751932,0.00090451
3,37,22.757881,0.005595,109.6482,0.000000,0.000000,0.000000,2.556471,7.867544,0.00090451
3,38,21.282928,0.005178,114.3780,0.000000,0.000000,0.000000,2.469566,7.622291,0.00090451
3,39,21.784597,0.005306,113.6566,0.000000,0.000000,0.000000,2.428714,7.861154,0.00090451
3,40,22.367502,0.005526,113.6867,0.000000,0.000000,0.000000,2.423464,7.650196,0.00090451
3,41,22.447029,0.005512,113.2345,0.000000,0.000000,0.000000,2.518937,7.805634,0.00090451
3,42,22.047346,0.005370,110.5423,0.000000,0.000000,0.000000,2.523050,7.890305,0.00090451
3,43,24.273628,0.005846,102.5240,0.000000,0.000000,0.000000,2.702781,9.176959,0.00090451
3,44,23.423988,0.005762,102.7387,0.000000,0.000000,0.000000,2.656315,8.054979,0.00090451
3,45,20.067249,0.004914,126.5852,0.000000,0.000000,0.000000,2.316181,6.999559,0.00090451
3,46,21.332127,0.005369,123.6291,0.000000,0.000000,0.000000,2.409750,6.578392,0.00090451
3,47,21.985912,0.005480,119.3197,0.000000,0.000000,0.000000,2.556902,7.041684,0.00090451
3,48,24.509521,0.005981,102.1433,0.000000,0.000000,0.000000,2.638440,8.870050,0.00090451
3,49,24.213959,0.006016,102.7487,0.000000,0.000000,0.000000,2.518064,8.179222,0.00090451
3,50,20.987976,0.005220,119.6905,0.000000,0.000000,0.000000,2.368127,6.865300,0.00090451
3,51,21.783613,0.005426,121.8287,0.000000,0.000000,0.000000,2.532563,7.001805,0.00090451
3,52,22.690081,0.005601,110.2740,0.000000,0.000000,0.000000,2.452736,7.795516,0.00090451
3,53,22.965481,0.005690,113.1306,0.000000,0.000000,0.000000,2.457448,7.783294,0.00090451
3,54,22.937580,0.005711,114.0865,0.000000,0.000000,0.000000,2.503135,7.553096,0.00090451
3,55,22.110004,0.005462,119.5461,0.000000,0.000000,0.000000,2.453958,7.511198,0.00090451
3,56,22.997295,0.005698,116.6203,0.000000,0.000000,0.000000,2.418536,7.838638,0.00090451
3,57,23.318302,0.005795,113.3731,0.000000,0.000000,0.000000,2.496890,7.795434,0.00090451
3,58,22.914219,0.005686,111.4585,0.000000,0.000000,0.000000,2.465084,7.700788,0.00090451
3,59,23.085196,0.005726,111.4564,0.000000,0.000000,0.000000,2.474355,7.781938,0.00090451
3,60,22.896021,0.005870,111.2278,0.000000,0.000000,0.000000,2.600346,6.376546,0.00090451
3,61,22.012899,0.005534,119.6548,0.000000,0.000000,0.000000,2.544553,6.774909,0.00090451
3,62,21.357889,0.005278,125.0817,0.000000,0.000000,0.000000,2.315506,7.296282,0.00090451
3,63,20.760702,0.005006,123.8871,0.000000,0.000000,0.000000,2.223507,7.901548,0.00090451
3,64,23.245956,0.005854,107.0325,0.000000,0.000000,0.000000,2.532168,7.241509,0.00090451
3,65,20.637743,0.004985,121.8879,0.000000,0.000000,0.000000,2.305904,7.706386,0.00090451
3,66,22.535658,0.005649,115.9197,0.000000,0.000000,0.000000,2.524774,7.113964,0.00090451
3,67,19.444735,0.004545,130.9852,0.000000,0.000000,0.000000,2.317142,8.064623,0.00090451
3,68,19.326519,0.004594,122.3183,0.000000,0.000000,0.000000,2.293118,7.543280,0.00090451
3,69,24.282433,0.006018,103.9950,0.000000,0.000000,0.000000,2.447722,8.374590,0.00090451
3,70,23.526384,0.005857,109.6062,0.000000,0.000000,0.000000,2.406215,7.912132,0.00090451
3,71,21.439774,0.005312,121.5186,0.000000,0.000000,0.000000,2.298706,7.266972,0.00090451
3,72,23.505379,0.005994,109.0249,0.000000,0.000000,0.000000,2.546886,6.866741,0.00090451
3,73,24.209547,0.006208,104.9048,0.000000,0.000000,0.000000,2.509659,6.974601,0.00090451
3,74,22.887142,0.005809,116.8516,0.000000,0.000000,0.000000,2.415929,6.923540,0.00090451
3,75,24.556351,0.006119,100.5844,0.000000,0.000000,0.000000,2.559893,8.176350,0.00090451
3,76,22.180384,0.005540,123.0229,0.000000,0.000000,0.000000,2.462498,7.149565,0.00090451
3,77,25.607752,0.006351,93.6658,0.000000,0.000000,0.000000,2.599026,8.784107,0.00090451
3,78,21.936819,0.005382,111.6523,0.000000,0.000000,0.000000,2.476091,7.644237,0.00090451
3,79,24.096895,0.006045,102.2951,0.000000,0.000000,0.000000,2.584692,7.693461,0.00090451
3,80,24.167717,0.005889,96.2167,0.000000,0.000000,0.000000,2.531685,8.868253,0.00090451
3,81,22.162388,0.005512,104.7809,0.000000,0.000000,0.000000,2.626758,7.126250,0.00090451
3,82,20.560835,0.005089,118.0864,0.000000,0.000000,0.000000,2.441201,6.763665,0.00090451
3,83,20.863735,0.005287,116.6782,0.000000,0.000000,0.000000,2.523610,6.044026,0.00090451
3,84,21.805544,0.005513,118.2272,0.000000,0.000000,0.000000,2.538332,6.493222,0.00090451
3,85,20.380951,0.005052,123.4815,0.000000,0.000000,0.000000,2.350767,6.728112,0.00090451
3,86,23.598564,0.005950,117.4876,0.000000,0.000000,0.000000,2.428363,7.449738,0.00090451
3,87,23.474075,0.005958,108.7489,0.000000,0.000000,0.000000,2.447503,7.134871,0.00090451
3,88,22.720587,0.005791,122.7139,0.000000,0.000000,0.000000,2.548543,6.572888,0.00090451
3,89,23.901836,0.006124,118.2594,0.000000,0.000000,0.000000,2.530978,6.864491,0.00090451
3,90,22.182505,0.005611,121.4226,0.000000,0.000000,0.000000,2.372351,6.799438,0.00090451
3,91,22.966780,0.005821,121.9151,0.000000,0.000000,0.000000,2.459937,6.966958,0.00090451
3,92,22.599794,0.005537,129.2828,0.000000,0.000000,0.000000,2.464821,8.007810,0.00090451
