epoch,batch,loss,landmark,angular_deg,gaze_consist,shape,lr
4,1,2.971452,2.952206,22.3341,0.100918,0.072394,0.00034549
4,2,2.884826,2.866030,21.9379,0.098902,0.075389,0.00034549
4,16,3.419090,3.398371,23.9837,0.097293,0.079215,0.00034549
4,17,2.481517,2.462241,22.6426,0.095611,0.082735,0.00034549
4,18,2.408179,2.388426,22.9670,0.095670,0.080799,0.00034549
4,32,2.657430,2.638332,22.3810,0.097141,0.081324,0.00034549
4,33,2.289594,2.271955,20.3994,0.097833,0.080937,0.00034549
4,34,2.137829,2.121265,19.2854,0.096916,0.081450,0.00034549
4,47,2.479284,2.460738,21.5440,0.096272,0.079207,0.00034549
4,48,2.596937,2.579812,19.9145,0.094820,0.080412,0.00034549
4,49,2.063292,2.047944,17.8841,0.093377,0.079028,0.00034549
4,63,2.390448,2.373968,19.1360,0.092625,0.079135,0.00034549
4,64,2.348082,2.331575,19.2540,0.092008,0.078029,0.00034549
4,65,2.480497,2.463898,19.1445,0.091362,0.077875,0.00034549
4,79,2.115315,2.099941,17.6497,0.090529,0.077060,0.00034549
4,80,2.310030,2.293547,19.0291,0.090171,0.077050,0.00034549
4,81,2.166444,2.147881,21.6583,0.090005,0.077446,0.00034549
4,94,2.227733,2.211771,18.5617,0.090008,0.078157,0.00034549
4,95,2.043584,2.027054,19.2351,0.089853,0.079567,0.00034549
4,96,2.251098,2.234385,19.4572,0.089840,0.079882,0.00034549
4,110,1.882789,1.867238,18.1375,0.089107,0.079252,0.00034549
4,111,2.255835,2.238595,20.0304,0.089026,0.081007,0.00034549
4,112,2.082398,2.062910,22.5996,0.089675,0.080598,0.00034549
4,126,2.286952,2.269930,19.7001,0.089024,0.080741,0.00034549
4,127,2.395079,2.379266,18.6922,0.088638,0.080634,0.00034549
4,141,3.401511,3.377135,28.6024,0.088778,0.080114,0.00034549
4,142,3.145298,3.125043,23.5407,0.088655,0.080481,0.00034549
4,143,2.633628,2.618534,17.5857,0.088365,0.079856,0.00034549
4,157,2.558776,2.543041,18.4163,0.088207,0.079193,0.00034549
4,158,2.789718,2.773513,18.8751,0.088408,0.078813,0.00034549
4,159,3.858437,3.840255,21.0642,0.088650,0.078166,0.00034549
4,172,2.211312,2.191138,23.3195,0.088405,0.077136,0.00034549
4,173,2.907664,2.890661,20.0485,0.088287,0.076741,0.00034549
4,174,2.238506,2.223342,17.6419,0.088178,0.076065,0.00034549
4,188,2.624884,2.606920,20.8517,0.088688,0.075626,0.00034549
4,189,2.427832,2.411216,19.4037,0.088775,0.075121,0.00034549
4,190,4.241219,4.222489,21.4843,0.088741,0.076727,0.00034549
4,204,1.965244,1.950005,17.7149,0.088498,0.076005,0.00034549
4,205,2.153965,2.138687,17.7148,0.088233,0.076093,0.00034549
4,206,2.286573,2.271747,16.7227,0.087869,0.077495,0.00034549
4,219,1.918766,1.902514,18.5931,0.087745,0.077794,0.00034549
4,220,2.381162,2.365432,18.2989,0.087800,0.078546,0.00034549
4,221,1.819118,1.800921,21.1495,0.088099,0.078034,0.00034549
4,235,2.030277,2.008639,25.1075,0.088234,0.077615,0.00034549
4,236,1.793280,1.774400,21.9878,0.088217,0.077095,0.00034549
4,237,3.675047,3.654687,23.4542,0.088336,0.076564,0.00034549
4,251,1.904557,1.888022,19.0311,0.088154,0.076558,0.00034549
4,252,2.111995,2.096037,18.6824,0.087872,0.076574,0.00034549
4,266,1.918215,1.901141,19.7195,0.087449,0.076165,0.00034549
4,267,1.987314,1.970490,19.4971,0.087166,0.076110,0.00034549
4,268,1.926162,1.910423,18.3942,0.086933,0.076090,0.00034549
4,282,2.335259,2.317705,20.5965,0.087489,0.076104,0.00034549
4,283,2.344331,2.325266,22.5798,0.088199,0.075876,0.00034549
4,284,1.959329,1.943278,18.5850,0.088478,0.076691,0.00034549
4,297,1.722196,1.704139,21.4568,0.088156,0.076260,0.00034549
4,298,2.533512,2.518116,17.8944,0.087947,0.076251,0.00034549
4,299,1.997880,1.981946,18.5985,0.087760,0.076152,0.00034549
4,313,2.054327,2.039310,17.4232,0.087480,0.076274,0.00034549
4,314,2.095149,2.078647,19.2690,0.087201,0.075929,0.00034549
4,315,2.063648,2.045323,21.5411,0.086835,0.075507,0.00034549
4,329,2.551059,2.534836,18.9118,0.086777,0.075763,0.00034549
4,330,2.002093,1.986841,17.7229,0.086595,0.075482,0.00034549
4,331,2.266876,2.253011,16.1319,0.086284,0.075026,0.00034549
4,344,2.349951,2.336181,15.9383,0.086143,0.074745,0.00034549
4,345,2.399260,2.383987,17.7825,0.085942,0.074465,0.00034549
4,346,2.665573,2.650203,18.1895,0.085855,0.074452,0.00034549
4,360,1.915958,1.900644,17.7802,0.085643,0.074283,0.00034549
4,361,2.029746,2.016702,15.1910,0.085388,0.074350,0.00034549
4,362,3.485246,3.468903,19.0013,0.085174,0.074395,0.00034549
4,376,2.458897,2.443166,18.2912,0.085214,0.075007,0.00034549
4,377,2.368191,2.352133,18.7155,0.085344,0.075054,0.00034549
4,391,2.088098,2.075161,15.0749,0.085200,0.074950,0.00034549
4,392,2.584783,2.569202,18.2296,0.085105,0.074941,0.00034549
4,393,2.049594,2.032537,19.8564,0.085115,0.074761,0.00034549
4,407,2.585425,2.569419,18.3398,0.085060,0.074656,0.00034549
4,408,2.300719,2.283888,19.4881,0.084996,0.074535,0.00034549
4,409,3.050609,3.029676,24.0194,0.085019,0.074297,0.00034549
4,422,1.782677,1.764487,21.2023,0.084838,0.074099,0.00034549
4,423,1.859877,1.846449,15.5943,0.084693,0.073851,0.00034549
4,424,2.198667,2.184448,16.5539,0.084507,0.073627,0.00034549
4,438,1.736732,1.721105,18.1887,0.084370,0.073496,0.00034549
4,439,1.834854,1.819287,18.0061,0.084331,0.073455,0.00034549
4,440,1.971466,1.955755,18.4151,0.084184,0.073505,0.00034549
4,454,2.201109,2.184384,19.9794,0.084191,0.073414,0.00034549
4,455,2.410608,2.394010,19.4900,0.084219,0.073401,0.00034549
4,456,3.607560,3.588628,21.6891,0.084602,0.073200,0.00034549
4,469,2.531867,2.510678,24.8064,0.084423,0.072976,0.00034549
4,470,2.358644,2.342669,18.6664,0.084295,0.073034,0.00034549
4,471,2.283977,2.266918,19.9514,0.084154,0.072921,0.00034549
4,485,2.211198,2.190349,24.4570,0.083979,0.072835,0.00034549
4,486,2.422218,2.401486,24.5048,0.083891,0.072915,0.00034549
4,487,2.312520,2.289144,27.2466,0.083776,0.073008,0.00034549
4,501,2.154140,2.133776,23.9186,0.083726,0.073022,0.00034549
4,502,2.128299,2.108390,23.1884,0.083810,0.072933,0.00034549
4,516,2.314795,2.298096,19.4662,0.083800,0.072870,0.00034549
4,517,2.109452,2.094966,16.8667,0.083699,0.072998,0.00034549
4,518,2.576992,2.560037,19.5610,0.083591,0.073280,0.00034549
4,532,1.831544,1.816126,17.9181,0.083469,0.073202,0.00034549
4,533,2.166130,2.150818,17.6426,0.083357,0.073397,0.00034549
4,534,2.388894,2.372862,18.8984,0.083240,0.073690,0.00034549
4,547,2.428929,2.413795,17.5177,0.083122,0.073892,0.00034549
4,548,2.162262,2.147320,17.2078,0.083055,0.073937,0.00034549
4,549,2.068017,2.049431,21.2731,0.083069,0.073891,0.00034549
4,563,3.158545,3.140059,20.9829,0.083101,0.073708,0.00034549
4,564,1.791296,1.776598,16.9988,0.083038,0.073547,0.00034549
4,565,1.785137,1.769268,18.2154,0.083064,0.073423,0.00034549
4,579,3.026051,3.010461,18.0616,0.083162,0.073413,0.00034549
4,580,2.001491,1.985301,18.8496,0.083161,0.073312,0.00034549
4,581,2.197973,2.184196,15.8986,0.083109,0.073186,0.00034549
4,594,2.392985,2.376507,19.3180,0.083019,0.073139,0.00034549
4,595,2.462011,2.444555,20.1244,0.083052,0.073064,0.00034549
4,596,2.440684,2.423312,20.1594,0.083076,0.072968,0.00034549
4,610,2.874690,2.857625,19.9592,0.083072,0.073102,0.00034549
4,611,2.142339,2.127597,17.1452,0.082979,0.073048,0.00034549
4,612,2.227440,2.210757,19.1212,0.082897,0.073318,0.00034549
4,626,2.396942,2.381326,18.2088,0.082884,0.073649,0.00034549
4,627,2.665777,2.650251,18.0679,0.082901,0.074044,0.00034549
4,641,2.318108,2.304170,16.2744,0.082849,0.074076,0.00034549
4,642,2.616998,2.600916,18.7864,0.082918,0.074402,0.00034549
4,643,2.137300,2.124619,14.7917,0.082878,0.074438,0.00034549
4,657,2.029794,2.015259,16.9456,0.082788,0.074449,0.00034549
4,658,3.090618,3.071915,21.7965,0.082858,0.075015,0.00034549
4,659,3.524910,3.503180,25.3854,0.082885,0.075111,0.00034549
4,672,4.236887,4.219507,19.8966,0.082949,0.074890,0.00034549
4,673,2.045620,2.031406,16.6342,0.082885,0.074929,0.00034549
4,674,1.951488,1.936432,17.6301,0.082844,0.074760,0.00034549
4,688,2.322406,2.307033,17.9809,0.082748,0.074777,0.00034549
4,689,2.072346,2.058766,15.7614,0.082620,0.074631,0.00034549
4,690,1.912444,1.899245,15.6044,0.082481,0.074565,0.00034549
4,704,1.750203,1.737969,14.2655,0.082378,0.074581,0.00034549
4,705,2.052184,2.039089,15.1443,0.082315,0.074520,0.00034549
4,706,1.767725,1.755623,14.0233,0.082374,0.074533,0.00034549
5,1,2.530555,2.514915,18.1877,0.080263,0.075698,0.00009549
5,2,2.460794,2.445603,17.6379,0.079356,0.070830,0.00009549
5,16,2.780578,2.763010,20.4328,0.079890,0.076595,0.00009549
5,17,2.368555,2.352439,18.9177,0.079418,0.074791,0.00009549
5,18,2.239527,2.221020,21.4092,0.080681,0.075615,0.00009549
5,32,2.607545,2.591834,18.1520,0.082086,0.078539,0.00009549
5,33,2.396030,2.381224,17.1108,0.082702,0.079079,0.00009549
5,34,2.045449,2.031448,16.5270,0.082692,0.078380,0.00009549
5,47,1.949524,1.935399,16.5107,0.083149,0.076046,0.00009549
5,48,1.988275,1.974392,16.0668,0.081755,0.077902,0.00009549
5,49,1.679535,1.666824,14.7833,0.080678,0.078568,0.00009549
5,63,2.156676,2.142175,16.9766,0.079999,0.077382,0.00009549
5,64,2.055411,2.041083,16.6835,0.079199,0.077868,0.00009549
5,65,2.154298,2.139798,16.8220,0.078423,0.076787,0.00009549
5,79,1.843389,1.829080,16.3964,0.078361,0.075222,0.00009549
5,80,1.999864,1.984886,17.2798,0.078364,0.074979,0.00009549
5,81,2.157798,2.139797,20.2313,0.077546,0.073608,0.00009549
5,94,2.090425,2.075493,17.2545,0.077711,0.073871,0.00009549
5,95,1.854437,1.839715,17.1088,0.077625,0.073749,0.00009549
5,96,2.058737,2.043425,17.9055,0.077846,0.073823,0.00009549
5,110,1.847558,1.833958,15.7425,0.077136,0.073122,0.00009549
5,111,2.152606,2.138580,16.1138,0.076963,0.072447,0.00009549
5,112,2.016788,2.001694,17.3774,0.077138,0.071655,0.00009549
5,126,2.150426,2.136284,16.4422,0.076540,0.071414,0.00009549
5,127,1.910902,1.898214,14.8180,0.076030,0.071730,0.00009549
5,141,2.892621,2.873770,22.1420,0.075925,0.072168,0.00009549
5,142,2.804865,2.787862,19.7459,0.075870,0.072136,0.00009549
5,143,2.107362,2.093540,15.9870,0.075496,0.071447,0.00009549
5,157,2.079823,2.065888,16.3671,0.075646,0.071830,0.00009549
5,158,2.266910,2.251637,17.7150,0.075938,0.071760,0.00009549
5,159,3.166137,3.149225,19.6714,0.076449,0.071291,0.00009549
5,172,1.703594,1.684660,21.8030,0.076143,0.070529,0.00009549
5,173,2.451079,2.436620,16.9736,0.076037,0.070210,0.00009549
5,174,1.896700,1.883557,15.1183,0.075979,0.069703,0.00009549
5,188,2.229230,2.215386,16.1631,0.076009,0.069610,0.00009549
5,189,2.089158,2.075231,16.2842,0.075996,0.069121,0.00009549
5,190,3.708502,3.693173,17.6954,0.075905,0.070086,0.00009549
5,204,1.587014,1.574088,15.0508,0.075636,0.069833,0.00009549
5,205,1.873984,1.860443,15.7908,0.075361,0.070225,0.00009549
5,206,1.981017,1.968862,14.1904,0.074964,0.070494,0.00009549
5,219,1.734518,1.721616,15.1169,0.074823,0.070221,0.00009549
5,220,2.203402,2.189066,16.7183,0.074895,0.070631,0.00009549
5,221,1.698136,1.683425,17.3318,0.075233,0.070239,0.00009549
5,235,1.969423,1.954705,17.2458,0.075291,0.070092,0.00009549
5,236,1.686074,1.672740,15.6003,0.075289,0.069769,0.00009549
5,237,2.671780,2.655114,19.3592,0.075531,0.069289,0.00009549
5,251,1.684736,1.671710,15.0596,0.075420,0.069126,0.00009549
5,252,1.649283,1.637342,13.9423,0.075250,0.069357,0.00009549
5,266,1.839360,1.825135,16.4844,0.075046,0.068884,0.00009549
5,267,1.926654,1.912147,16.8603,0.074842,0.069014,0.00009549
5,268,1.846512,1.832927,15.8532,0.074751,0.068917,0.00009549
5,282,1.968334,1.952705,18.1124,0.075185,0.068874,0.00009549
5,283,2.000238,1.984327,18.5934,0.075769,0.068676,0.00009549
5,284,1.846640,1.833616,15.0285,0.075881,0.068416,0.00009549
5,297,1.531687,1.515283,19.4398,0.075480,0.068182,0.00009549
5,298,2.312137,2.299266,14.9998,0.075220,0.068592,0.00009549
5,299,1.822537,1.809919,14.8900,0.075001,0.068556,0.00009549
5,313,1.860320,1.846826,15.6322,0.074680,0.068319,0.00009549
5,314,1.876166,1.862042,16.4372,0.074384,0.068090,0.00009549
5,315,1.806770,1.792326,16.9692,0.074033,0.067734,0.00009549
5,329,2.259327,2.245255,16.4346,0.073907,0.068186,0.00009549
5,330,1.734007,1.721166,15.0019,0.073753,0.068080,0.00009549
5,331,2.017004,2.005251,13.7418,0.073496,0.067864,0.00009549
5,344,2.097579,2.085544,14.2344,0.073398,0.067700,0.00009549
5,345,1.901216,1.887978,15.4091,0.073281,0.067634,0.00009549
5,346,2.011741,1.998815,15.0626,0.073202,0.067495,0.00009549
5,360,1.814963,1.800668,16.6851,0.073082,0.067301,0.00009549
5,361,1.919506,1.907713,13.8403,0.072894,0.067453,0.00009549
5,362,3.039658,3.025437,16.5695,0.072775,0.067842,0.00009549
5,376,2.184022,2.170069,16.4323,0.072827,0.068148,0.00009549
5,377,1.939410,1.925009,17.0006,0.073026,0.068029,0.00009549
5,391,1.652764,1.641400,13.3357,0.072919,0.068175,0.00009549
5,392,2.242151,2.228528,15.9969,0.072879,0.067884,0.00009549
5,393,1.789510,1.776184,15.5792,0.072939,0.067802,0.00009549
5,407,2.194106,2.179230,17.1387,0.072962,0.067752,0.00009549
5,408,2.013376,1.998256,17.4941,0.072915,0.067535,0.00009549
5,409,2.418252,2.399616,21.2850,0.072925,0.067298,0.00009549
5,422,1.683751,1.669289,16.8862,0.072740,0.067292,0.00009549
5,423,1.706355,1.694157,14.0964,0.072590,0.067194,0.00009549
5,424,1.848262,1.836679,13.5318,0.072434,0.067102,0.00009549
5,438,1.617333,1.603844,15.7968,0.072352,0.066875,0.00009549
5,439,1.702046,1.687698,16.5594,0.072368,0.066958,0.00009549
5,440,1.771512,1.757995,15.8999,0.072234,0.067151,0.00009549
5,454,1.862449,1.848533,16.6175,0.072218,0.067065,0.00009549
5,455,2.008576,1.995169,15.6608,0.072166,0.067125,0.00009549
5,456,3.073703,3.056939,19.1292,0.072393,0.066950,0.00009549
5,469,1.899187,1.884972,16.5297,0.072250,0.066780,0.00009549
5,470,1.998864,1.986765,14.0986,0.072126,0.066531,0.00009549
5,471,1.913701,1.902526,12.8857,0.071986,0.066565,0.00009549
5,485,1.738011,1.725676,14.2745,0.071805,0.066446,0.00009549
5,486,1.944995,1.930640,16.9254,0.071697,0.066511,0.00009549
5,487,1.880708,1.867754,15.0743,0.071583,0.066506,0.00009549
5,501,1.787691,1.773437,16.6285,0.071577,0.066597,0.00009549
5,502,1.938190,1.923230,17.3376,0.071676,0.066554,0.00009549
5,516,2.007893,1.995415,14.4413,0.071629,0.066342,0.00009549
5,517,1.989676,1.977285,14.4327,0.071581,0.066466,0.00009549
5,518,2.285795,2.271038,16.9818,0.071516,0.066965,0.00009549
5,532,1.709273,1.696790,14.6181,0.071449,0.066865,0.00009549
5,533,1.885390,1.872858,14.6342,0.071378,0.066749,0.00009549
5,534,2.234825,2.220979,16.1332,0.071228,0.066956,0.00009549
5,547,1.958220,1.946246,13.7098,0.071125,0.067042,0.00009549
5,548,1.781447,1.769483,13.9745,0.071086,0.066920,0.00009549
5,549,1.915573,1.899556,18.4639,0.071149,0.066872,0.00009549
5,563,2.653131,2.638408,16.9326,0.071173,0.066634,0.00009549
5,564,1.621370,1.608974,14.4173,0.071179,0.066463,0.00009549
5,565,1.668732,1.656799,13.8991,0.071207,0.066301,0.00009549
5,579,2.442384,2.430014,14.2690,0.071250,0.066241,0.00009549
5,580,1.787716,1.774538,15.4445,0.071249,0.066105,0.00009549
5,581,2.066898,2.055479,13.3447,0.071155,0.065975,0.00009549
5,594,2.027228,2.011692,18.0105,0.071143,0.065955,0.00009549
5,595,2.227715,2.211242,18.9567,0.071205,0.066079,0.00009549
5,596,2.223430,2.206864,19.3283,0.071304,0.066103,0.00009549
5,610,2.435627,2.420170,18.0007,0.071316,0.066525,0.00009549
5,611,1.787889,1.775339,14.8039,0.071221,0.066468,0.00009549
5,612,2.043639,2.029292,16.5450,0.071113,0.066571,0.00009549
5,626,2.189977,2.174752,17.6332,0.071163,0.067002,0.00009549
5,627,2.329905,2.314997,17.2798,0.071211,0.067545,0.00009549
5,641,1.955915,1.942794,15.3024,0.071232,0.067832,0.00009549
5,642,2.152172,2.138040,16.5271,0.071316,0.067750,0.00009549
5,643,1.912366,1.900056,14.3916,0.071259,0.067663,0.00009549
5,657,1.836712,1.824537,14.0190,0.071233,0.067565,0.00009549
5,658,3.142870,3.125673,19.9508,0.071361,0.068023,0.00009549
5,659,3.653862,3.634249,22.4806,0.071513,0.068534,0.00009549
5,672,3.620133,3.605497,16.6204,0.071579,0.068328,0.00009549
5,673,1.881207,1.868205,15.2539,0.071575,0.068386,0.00009549
5,674,1.717652,1.704734,15.1391,0.071604,0.068252,0.00009549
5,688,2.007861,1.996217,13.4975,0.071535,0.068277,0.00009549
5,689,1.970788,1.958261,14.6065,0.071479,0.068097,0.00009549
5,690,1.769019,1.756434,14.8067,0.071405,0.068035,0.00009549
5,704,1.717692,1.707075,12.3458,0.071331,0.067923,0.00009549
5,705,1.843946,1.833064,12.6990,0.071275,0.067771,0.00009549
5,706,1.661055,1.648651,14.2933,0.071317,0.067622,0.00009549
6,1,2.292403,2.251691,15.9460,0.073847,0.058446,0.00050000
6,2,2.214672,2.174620,15.5197,0.073908,0.056716,0.00050000
6,16,2.381947,2.339561,16.3396,0.072081,0.060242,0.00050000
6,17,4.080561,4.010665,27.6677,0.077035,0.083502,0.00050000
6,18,4.330390,4.255710,29.2465,0.080390,0.085075,0.00050000
6,32,3.888916,3.821296,26.5869,0.084952,0.091476,0.00050000
6,33,2.109718,2.057229,20.4821,0.086195,0.091372,0.00050000
6,34,2.313524,2.267503,18.0122,0.086468,0.090431,0.00050000
6,47,2.977480,2.913948,24.5985,0.087173,0.088186,0.00050000
6,48,3.048750,2.995453,20.5831,0.086470,0.086380,0.00050000
6,49,2.064927,2.022554,16.3228,0.085211,0.082907,0.00050000
6,63,2.797769,2.746977,19.6398,0.084778,0.082778,0.00050000
6,64,2.675916,2.627201,18.7506,0.084129,0.082881,0.00050000
6,65,2.394072,2.346102,18.4494,0.083691,0.083460,0.00050000
6,79,2.053846,2.004987,18.6263,0.083348,0.082109,0.00050000
6,80,2.411449,2.362417,18.6989,0.083252,0.081116,0.00050000
6,81,2.291205,2.235514,21.3536,0.083065,0.079379,0.00050000
6,94,2.281885,2.232735,19.0245,0.083176,0.081363,0.00050000
6,95,2.048826,2.001229,18.4571,0.083147,0.081013,0.00050000
6,96,2.217453,2.167692,19.5381,0.083423,0.080596,0.00050000
6,110,2.015734,1.972418,16.8435,0.082757,0.080370,0.00050000
6,111,2.374275,2.330516,16.9132,0.082305,0.080694,0.00050000
6,112,2.028532,1.979687,18.9719,0.082450,0.080164,0.00050000
6,126,2.286831,2.244294,16.5607,0.081958,0.080878,0.00050000
6,127,2.078590,2.037631,15.9464,0.081595,0.081063,0.00050000
6,141,2.888820,2.826042,24.4057,0.081782,0.081016,0.00050000
6,142,2.829200,2.776099,20.5426,0.081703,0.080714,0.00050000
6,143,2.592126,2.550787,16.0931,0.081253,0.080268,0.00050000
6,157,2.481089,2.438971,16.4942,0.081187,0.080284,0.00050000
6,158,2.793443,2.747000,18.0637,0.081450,0.079935,0.00050000
6,159,3.727506,3.674290,20.7017,0.081702,0.079205,0.00050000
6,172,2.210786,2.152622,22.8618,0.081591,0.078606,0.00050000
6,173,2.814274,2.767735,18.3134,0.081439,0.077623,0.00050000
6,174,2.055550,2.014004,16.0373,0.081390,0.076810,0.00050000
6,188,2.471979,2.426680,17.4853,0.081449,0.076562,0.00050000
6,189,2.426323,2.382479,17.0281,0.081284,0.076018,0.00050000
6,190,4.424586,4.377141,18.0947,0.081206,0.076895,0.00050000
6,204,1.912879,1.869004,16.8456,0.080898,0.076378,0.00050000
6,205,1.908759,1.866183,16.5122,0.080601,0.076128,0.00050000
6,206,2.090111,2.047348,16.6206,0.080334,0.075991,0.00050000
6,219,1.935501,1.895035,15.9368,0.080161,0.075603,0.00050000
6,220,2.565909,2.525869,15.5670,0.080229,0.075773,0.00050000
6,221,2.027805,1.979091,18.9283,0.080591,0.075433,0.00050000
6,235,2.410034,2.354131,21.8411,0.080817,0.074869,0.00050000
6,236,2.040941,1.995181,17.8073,0.080884,0.074471,0.00050000
6,237,3.497300,3.445362,20.0223,0.080963,0.073935,0.00050000
6,251,2.058256,2.014046,17.2299,0.080866,0.073759,0.00050000
6,252,2.273177,2.232465,16.0684,0.080794,0.073532,0.00050000
6,266,1.862756,1.821328,16.0842,0.080521,0.072982,0.00050000
6,267,2.058029,2.014354,17.0048,0.080320,0.072783,0.00050000
6,268,2.036155,1.995761,15.5919,0.080104,0.072433,0.00050000
6,282,2.512916,2.458768,21.0921,0.080711,0.072719,0.00050000
6,283,2.478831,2.420226,22.9222,0.081406,0.072580,0.00050000
6,284,2.086201,2.042323,17.2406,0.081663,0.072630,0.00050000
6,297,1.717118,1.665632,20.1596,0.081433,0.072233,0.00050000
6,298,2.537550,2.497264,15.6059,0.081204,0.072462,0.00050000
6,299,1.991603,1.952871,15.1681,0.081036,0.072114,0.00050000
6,313,2.044767,2.005246,15.2617,0.080745,0.072009,0.00050000
6,314,2.108413,2.065082,16.8185,0.080513,0.071708,0.00050000
6,315,1.985817,1.936055,19.2112,0.080196,0.071358,0.00050000
6,329,2.515040,2.471746,16.8511,0.080040,0.071172,0.00050000
6,330,1.957406,1.915414,16.3306,0.079964,0.070775,0.00050000
6,331,2.259015,2.218067,15.6315,0.079770,0.070349,0.00050000
6,344,2.226934,2.187133,15.4152,0.079692,0.070050,0.00050000
6,345,2.510175,2.456566,20.8787,0.079565,0.069774,0.00050000
6,346,2.733723,2.681084,20.8313,0.079502,0.069605,0.00050000
6,360,2.073603,2.031938,16.1168,0.079330,0.069321,0.00050000
6,361,2.175553,2.141117,13.3172,0.079084,0.069333,0.00050000
6,362,3.374246,3.331435,16.5645,0.078951,0.069540,0.00050000
6,376,2.492546,2.452136,15.5892,0.078910,0.069308,0.00050000
6,377,2.488242,2.441407,18.2976,0.078976,0.069592,0.00050000
6,391,2.173322,2.139363,13.2176,0.078792,0.069609,0.00050000
6,392,2.494699,2.453329,16.0343,0.078707,0.069624,0.00050000
6,393,1.964925,1.915716,19.3064,0.078896,0.069345,0.00050000
6,407,2.283739,2.234014,19.1389,0.078937,0.069243,0.00050000
6,408,2.049454,2.002100,18.3004,0.078868,0.068964,0.00050000
6,409,3.703911,3.642730,23.6823,0.078822,0.068775,0.00050000
6,422,1.963692,1.923740,15.3470,0.078777,0.068447,0.00050000
6,423,2.254524,2.214165,15.6048,0.078692,0.068374,0.00050000
6,424,2.677604,2.627765,19.7439,0.078568,0.068563,0.00050000
6,438,1.775398,1.729433,17.9411,0.078495,0.068444,0.00050000
6,439,2.046096,1.998311,18.4021,0.078544,0.068392,0.00050000
6,440,2.190057,2.143911,17.9299,0.078447,0.068326,0.00050000
6,454,2.027770,1.978773,19.7136,0.078395,0.068187,0.00050000
6,455,2.080726,2.033544,18.5542,0.078390,0.068051,0.00050000
6,456,2.678222,2.636322,15.9107,0.078639,0.067783,0.00050000
6,469,2.567194,2.515530,20.6794,0.078494,0.067581,0.00050000
6,470,2.311410,2.270734,15.7840,0.078405,0.067487,0.00050000
6,471,2.218887,2.178112,15.7998,0.078281,0.067595,0.00050000
6,485,2.480419,2.428032,20.7824,0.078177,0.067781,0.00050000
6,486,2.507140,2.454682,20.8372,0.078105,0.067837,0.00050000
6,487,2.408467,2.348940,23.2541,0.077977,0.067826,0.00050000
6,501,2.471013,2.419949,19.9806,0.077980,0.067785,0.00050000
6,502,2.357063,2.307392,19.2488,0.078057,0.067882,0.00050000
6,516,2.075452,2.033720,16.2194,0.078039,0.067819,0.00050000
6,517,2.228430,2.185336,16.8447,0.077991,0.067844,0.00050000
6,518,2.631321,2.580950,19.5811,0.077950,0.068157,0.00050000
6,532,1.871886,1.832486,15.1544,0.077864,0.068175,0.00050000
6,533,1.998065,1.960195,14.7416,0.077738,0.068107,0.00050000
6,534,2.290985,2.253742,14.6123,0.077586,0.068123,0.00050000
6,547,2.382137,2.345187,14.1786,0.077439,0.068137,0.00050000
6,548,1.997222,1.957951,15.2083,0.077350,0.068136,0.00050000
6,549,1.996735,1.948612,18.4512,0.077385,0.068177,0.00050000
6,563,3.116165,3.070703,17.6087,0.077408,0.068124,0.00050000
6,564,1.813173,1.773590,15.4303,0.077364,0.068057,0.00050000
6,565,1.799558,1.752341,18.1663,0.077387,0.067849,0.00050000
6,579,2.566252,2.514657,19.6941,0.077450,0.067707,0.00050000
6,580,1.832628,1.779949,20.1848,0.077481,0.067511,0.00050000
6,581,2.007756,1.961296,17.6351,0.077484,0.067380,0.00050000
6,594,2.369292,2.314643,20.7111,0.077557,0.067456,0.00050000
6,595,2.405781,2.350314,21.2305,0.077669,0.067343,0.00050000
6,596,2.396207,2.341790,21.0111,0.077772,0.067359,0.00050000
6,610,2.730115,2.676187,20.7552,0.077907,0.067352,0.00050000
6,611,1.890946,1.844447,17.9048,0.077934,0.067333,0.00050000
6,612,2.169732,2.120866,18.3992,0.077894,0.067632,0.00050000
6,626,2.863953,2.818831,17.4111,0.077970,0.067975,0.00050000
6,627,2.697800,2.645812,20.0728,0.078022,0.068364,0.00050000
6,641,2.700319,2.657937,16.5020,0.078003,0.068617,0.00050000
6,642,3.109827,3.065174,17.2856,0.078084,0.068711,0.00050000
6,643,2.437453,2.393772,16.8918,0.078082,0.068716,0.00050000
6,657,2.115824,2.064791,19.8012,0.078093,0.068867,0.00050000
6,658,3.476567,3.406749,26.9063,0.078256,0.069084,0.00050000
6,659,4.267927,4.190063,30.4647,0.078477,0.069746,0.00050000
6,672,5.355239,5.311063,17.0077,0.078705,0.069992,0.00050000
6,673,2.206931,2.163261,16.9904,0.078669,0.069849,0.00050000
6,674,2.015208,1.972420,16.5764,0.078625,0.069737,0.00050000
6,688,2.351882,2.305297,17.8120,0.078540,0.069694,0.00050000
6,689,2.159711,2.122996,14.2317,0.078410,0.069627,0.00050000
6,690,1.939407,1.901103,15.1731,0.078349,0.069576,0.00050000
6,704,1.829345,1.792063,14.5035,0.078277,0.069524,0.00050000
6,705,1.904422,1.866386,14.6654,0.078220,0.069457,0.00050000
6,706,1.954928,1.923354,12.4612,0.078200,0.069435,0.00050000
7,1,2.591653,2.550306,16.0347,0.076983,0.073210,0.00048776
7,2,2.488386,2.447289,15.9287,0.077074,0.071991,0.00048776
7,16,2.854523,2.809171,17.4571,0.075660,0.074780,0.00048776
7,17,2.254508,2.210060,17.2626,0.075314,0.072323,0.00048776
7,18,2.207831,2.156150,19.8600,0.076530,0.070775,0.00048776
7,32,2.360927,2.314404,17.8133,0.078596,0.070264,0.00048776
7,33,1.988534,1.947578,15.8545,0.079099,0.071637,0.00048776
7,34,1.861085,1.824731,14.2113,0.078068,0.071322,0.00048776
7,47,2.297513,2.258647,15.0644,0.077603,0.069426,0.00048776
7,48,2.265223,2.227843,14.4263,0.076264,0.068318,0.00048776
7,49,1.838320,1.797586,15.7619,0.075855,0.066778,0.00048776
7,63,2.399571,2.357588,16.2777,0.075312,0.066064,0.00048776
7,64,2.226051,2.183949,16.3679,0.074840,0.064546,0.00048776
7,65,2.048289,2.006720,16.1461,0.074487,0.065222,0.00048776
7,79,1.851223,1.807536,16.6579,0.073853,0.064769,0.00048776
7,80,2.033378,1.992001,15.9949,0.073533,0.064045,0.00048776
7,81,1.641683,1.597118,17.2367,0.073639,0.063608,0.00048776
7,94,2.247654,2.199823,18.6270,0.073960,0.063667,0.00048776
7,95,1.918625,1.877971,15.7307,0.073901,0.063836,0.00048776
7,96,2.074410,2.027900,18.1846,0.074105,0.064260,0.00048776
7,110,1.826350,1.789801,14.2862,0.073689,0.063850,0.00048776
7,111,2.158932,2.117949,15.8838,0.073850,0.064938,0.00048776
7,112,2.034315,1.985896,18.6667,0.074964,0.064738,0.00048776
7,126,2.056766,2.016207,15.6819,0.074701,0.064755,0.00048776
7,127,2.303208,2.265322,14.8024,0.074406,0.064605,0.00048776
7,141,2.917113,2.860822,21.8885,0.074657,0.065076,0.00048776
7,142,2.840096,2.788451,20.0756,0.074865,0.065342,0.00048776
7,143,2.578409,2.534039,17.1246,0.074810,0.064949,0.00048776
7,157,2.541786,2.502540,15.3277,0.075010,0.064875,0.00048776
7,158,2.779840,2.736741,16.6773,0.075498,0.064768,0.00048776
7,159,3.931414,3.877802,20.7824,0.076118,0.063975,0.00048776
7,172,2.236495,2.194402,16.3098,0.076081,0.063457,0.00048776
7,173,2.862486,2.818844,17.1045,0.076225,0.062551,0.00048776
7,174,2.181441,2.143480,14.6791,0.076304,0.061863,0.00048776
7,188,2.439546,2.397080,16.5183,0.076563,0.061321,0.00048776
7,189,2.241888,2.198671,16.9433,0.076632,0.061140,0.00048776
7,190,3.916533,3.870654,17.5364,0.076664,0.061700,0.00048776
7,204,1.907848,1.865551,16.3089,0.076465,0.061446,0.00048776
7,205,1.984344,1.945223,15.1934,0.076208,0.061885,0.00048776
7,206,2.082860,2.047487,13.4866,0.076085,0.063191,0.00048776
7,219,1.823711,1.779985,17.2163,0.075878,0.063400,0.00048776
7,220,2.101183,2.063110,14.8448,0.075951,0.063781,0.00048776
7,221,2.065167,2.023237,16.5459,0.076030,0.063255,0.00048776
7,235,2.250825,2.198843,20.6564,0.076185,0.063106,0.00048776
7,236,1.886775,1.844137,16.8169,0.076143,0.062846,0.00048776
7,237,3.032041,2.989557,16.3752,0.076037,0.062467,0.00048776
7,251,1.769301,1.733071,14.0297,0.075899,0.062431,0.00048776
7,252,1.804153,1.769781,13.4332,0.075614,0.062418,0.00048776
7,266,1.824416,1.789670,13.7116,0.075260,0.061921,0.00048776
7,267,1.915373,1.875342,15.6667,0.075018,0.061772,0.00048776
7,268,1.812420,1.773023,15.1267,0.074827,0.061835,0.00048776
7,282,2.334634,2.291534,16.8375,0.075219,0.061775,0.00048776
7,283,2.330276,2.285187,17.6543,0.075753,0.061769,0.00048776
7,284,2.136075,2.098961,14.3232,0.076003,0.061706,0.00048776
7,297,1.637820,1.580864,21.7713,0.075746,0.061364,0.00048776
7,298,2.425703,2.386775,14.8817,0.075642,0.061245,0.00048776
7,299,1.916533,1.877537,15.0874,0.075480,0.060867,0.00048776
7,313,2.009184,1.969413,15.3299,0.075376,0.060636,0.00048776
7,314,1.963769,1.917042,17.9485,0.075152,0.060364,0.00048776
7,315,1.790084,1.741415,18.6403,0.074878,0.060103,0.00048776
7,329,2.366486,2.327785,14.9509,0.074824,0.060354,0.00048776
7,330,1.842299,1.805255,14.3212,0.074737,0.060221,0.00048776
7,331,2.010050,1.958789,19.7165,0.074482,0.059953,0.00048776
7,344,2.032808,1.991034,16.1117,0.074274,0.059694,0.00048776
7,345,2.300951,2.250448,19.3329,0.074202,0.059793,0.00048776
7,346,2.320219,2.265055,21.1746,0.074182,0.059699,0.00048776
7,360,2.412978,2.365945,18.1414,0.074176,0.059748,0.00048776
7,361,2.299224,2.259354,15.5066,0.074228,0.059915,0.00048776
7,362,3.532453,3.485389,18.1102,0.074364,0.060472,0.00048776
7,376,2.501078,2.454893,17.7851,0.074686,0.060625,0.00048776
7,377,2.034701,1.985891,18.8514,0.075090,0.060740,0.00048776
7,391,1.857722,1.822335,13.6122,0.075192,0.061112,0.00048776
7,392,2.433937,2.394105,15.3413,0.075306,0.061264,0.00048776
7,393,2.144150,2.099101,17.3785,0.075384,0.061263,0.00048776
7,407,2.639041,2.593891,17.3275,0.075324,0.061372,0.00048776
7,408,2.388466,2.343394,17.4187,0.075266,0.061390,0.00048776
7,409,2.854587,2.801135,20.5113,0.075402,0.061448,0.00048776
7,422,1.764097,1.726511,14.3704,0.075265,0.061532,0.00048776
7,423,1.932970,1.898225,13.3678,0.075211,0.061529,0.00048776
7,424,2.249336,2.211407,14.7612,0.075162,0.061513,0.00048776
7,438,1.735184,1.697473,14.7735,0.075086,0.061473,0.00048776
7,439,1.931942,1.887364,17.1486,0.075126,0.061456,0.00048776
7,440,1.955193,1.915048,15.6744,0.075011,0.061436,0.00048776
7,454,2.049499,2.003403,18.6093,0.074948,0.061443,0.00048776
7,455,2.189077,2.143924,17.8382,0.074915,0.061540,0.00048776
7,456,3.112890,3.070034,16.4705,0.075129,0.061474,0.00048776
7,469,2.503685,2.454755,19.5299,0.074974,0.061371,0.00048776
7,470,2.426348,2.387985,14.8942,0.074860,0.061428,0.00048776
7,471,2.287353,2.247780,15.3623,0.074704,0.061386,0.00048776
7,485,2.220630,2.172178,18.8716,0.074541,0.061290,0.00048776
7,486,2.357612,2.308487,19.4037,0.074446,0.061360,0.00048776
7,487,2.161605,2.105970,21.5117,0.074346,0.061319,0.00048776
7,501,2.285956,2.238649,18.5868,0.074327,0.061320,0.00048776
7,502,2.207230,2.158709,18.9025,0.074436,0.061273,0.00048776
7,516,2.148953,2.109204,15.3990,0.074418,0.061288,0.00048776
7,517,1.951100,1.913760,14.5107,0.074341,0.061141,0.00048776
7,518,2.347287,2.305423,16.1419,0.074269,0.061399,0.00048776
7,532,1.737180,1.701995,13.4957,0.074191,0.061302,0.00048776
7,533,1.827772,1.793539,13.1984,0.074077,0.061126,0.00048776
7,534,2.129871,2.091158,15.1902,0.073999,0.061344,0.00048776
7,547,1.918580,1.890854,10.7858,0.073869,0.061195,0.00048776
7,548,1.788927,1.754676,13.1759,0.073772,0.061129,0.00048776
7,549,2.073180,2.031746,15.9272,0.073739,0.061116,0.00048776
7,563,3.091987,3.049475,16.4175,0.073708,0.060854,0.00048776
7,564,2.018188,1.984587,13.1031,0.073621,0.060696,0.00048776
7,565,1.642220,1.607740,13.2929,0.073548,0.060529,0.00048776
7,579,2.345110,2.309060,13.8809,0.073572,0.060529,0.00048776
7,580,1.779058,1.743212,13.8943,0.073522,0.060342,0.00048776
7,581,2.069077,2.037149,12.2768,0.073398,0.060390,0.00048776
7,594,2.398706,2.361940,14.4538,0.073399,0.060403,0.00048776
7,595,2.507716,2.461608,17.6789,0.073441,0.060285,0.00048776
7,596,2.473203,2.428789,17.1413,0.073466,0.060215,0.00048776
7,610,2.446205,2.404308,16.1222,0.073458,0.060278,0.00048776
7,611,1.767614,1.728248,15.2385,0.073373,0.060304,0.00048776
7,612,1.988405,1.947299,15.7443,0.073298,0.060336,0.00048776
7,626,2.563632,2.525241,14.7833,0.073282,0.060846,0.00048776
7,627,2.494005,2.455515,14.8651,0.073302,0.061127,0.00048776
7,641,2.316691,2.274666,16.4230,0.073267,0.061487,0.00048776
7,642,2.510647,2.470567,15.5076,0.073289,0.061540,0.00048776
7,643,2.174439,2.132363,16.4866,0.073244,0.061753,0.00048776
7,657,2.017709,1.972675,17.6056,0.073186,0.061708,0.00048776
7,658,3.249853,3.185805,24.8682,0.073341,0.062022,0.00048776
7,659,4.410634,4.333039,31.3792,0.073593,0.062282,0.00048776
7,672,3.941908,3.904328,14.1573,0.073598,0.062328,0.00048776
7,673,1.957771,1.921280,14.2039,0.073523,0.062306,0.00048776
7,674,1.860769,1.822101,15.0040,0.073488,0.062137,0.00048776
7,688,2.165339,2.128139,14.1989,0.073395,0.062082,0.00048776
7,689,2.104261,2.069999,13.3311,0.073293,0.062003,0.00048776
7,690,2.088500,2.049958,15.3085,0.073247,0.061797,0.00048776
7,704,1.770384,1.736186,13.3358,0.073160,0.061799,0.00048776
7,705,1.819788,1.787500,12.4595,0.073042,0.061812,0.00048776
7,706,1.742329,1.711624,12.1829,0.072958,0.061684,0.00048776
