epoch,batch,loss,landmark,angular_deg,gaze_consist,shape,ray_target,lr
1,1,39.412636,39.359245,70.9942,0.480689,0.516192,0.000000,0.00100000
1,2,37.771645,37.718994,69.7547,0.481726,0.521327,0.000000,0.00100000
1,3,38.477695,38.424999,70.4185,0.482830,0.509979,0.000000,0.00100000
1,4,36.901714,36.839760,84.3489,0.482320,0.509936,0.000000,0.00100000
1,63,36.696243,36.641563,73.7812,0.482089,0.506341,0.000000,0.00100000
1,64,36.619720,36.563831,74.7550,0.481786,0.505943,0.000000,0.00100000
1,65,23.460609,23.385359,108.9914,0.480814,0.497116,0.000000,0.00100000
1,66,15.147892,15.089173,77.5860,0.481194,0.464656,0.000000,0.00100000
1,126,11.857220,11.798474,72.8057,0.487945,0.428226,0.000000,0.00100000
1,127,10.709242,10.638742,95.0174,0.473904,0.390585,0.000000,0.00100000
1,128,9.269102,9.216361,68.1949,0.469559,0.362028,0.000000,0.00100000
1,129,9.283294,9.219350,84.7051,0.466928,0.336784,0.000000,0.00100000
1,188,10.060275,9.993340,83.8437,0.479089,0.316595,0.000000,0.00100000
1,189,8.063236,7.991697,97.5792,0.484468,0.300270,0.000000,0.00100000
1,190,8.360220,8.303639,75.7549,0.483248,0.282012,0.000000,0.00100000
1,191,10.377728,10.292884,107.5209,0.486802,0.271365,0.000000,0.00100000
1,251,8.936602,8.875341,82.5164,0.484010,0.259936,0.000000,0.00100000
1,252,9.547855,9.484084,85.8337,0.491368,0.249637,0.000000,0.00100000
1,253,10.546477,10.479115,86.5374,0.485209,0.239548,0.000000,0.00100000
1,254,9.312334,9.245951,95.6361,0.485037,0.229727,0.000000,0.00100000
1,313,9.039560,8.975077,90.6800,0.491902,0.220830,0.000000,0.00100000
1,314,8.147432,8.066074,101.5671,0.492616,0.213797,0.000000,0.00100000
1,315,9.119531,9.068026,65.0340,0.490043,0.207568,0.000000,0.00100000
1,316,8.238721,8.182106,73.2267,0.492557,0.203800,0.000000,0.00100000
1,376,9.625429,9.552591,98.6925,0.493983,0.202553,0.000000,0.00100000
1,377,9.116089,9.046227,94.8764,0.486567,0.198732,0.000000,0.00100000
1,378,8.607650,8.544146,83.3968,0.490052,0.192643,0.000000,0.00100000
1,379,9.485448,9.406316,115.3127,0.489029,0.187280,0.000000,0.00100000
1,438,8.403048,8.331394,92.3463,0.490388,0.182910,0.000000,0.00100000
1,439,7.275344,7.210870,85.1969,0.487301,0.178119,0.000000,0.00100000
1,440,7.364425,7.301429,78.5783,0.487746,0.173455,0.000000,0.00100000
1,441,6.987586,6.936701,64.3835,0.484337,0.169911,0.000000,0.00100000
1,501,11.281125,11.198396,117.7615,0.482694,0.165720,0.000000,0.00100000
1,502,9.331595,9.257425,96.0994,0.481038,0.161322,0.000000,0.00100000
1,503,8.953553,8.884472,98.1576,0.476596,0.157815,0.000000,0.00100000
1,504,8.373016,8.306979,82.0967,0.476375,0.153703,0.000000,0.00100000
1,563,10.873844,10.787700,126.3739,0.470934,0.149842,0.000000,0.00100000
1,564,8.759199,8.692101,86.5150,0.470594,0.146619,0.000000,0.00100000
1,565,8.644582,8.566452,106.5888,0.464028,0.144593,0.000000,0.00100000
1,566,8.518560,8.458164,70.8947,0.456071,0.142583,0.000000,0.00100000
1,626,9.546508,9.490422,69.4861,0.454654,0.141568,0.000000,0.00100000
1,627,8.982426,8.912988,96.1270,0.458452,0.140104,0.000000,0.00100000
1,628,9.003342,8.936462,86.6702,0.459094,0.137851,0.000000,0.00100000
1,629,8.328366,8.258819,95.0738,0.458891,0.135549,0.000000,0.00100000
1,688,8.170218,8.111460,85.3347,0.462092,0.132698,0.000000,0.00100000
1,689,7.127851,7.067319,76.6815,0.457658,0.130582,0.000000,0.00100000
1,690,8.253535,8.187746,88.1566,0.456684,0.128861,0.000000,0.00100000
1,691,9.415052,9.332237,121.2774,0.450330,0.126349,0.000000,0.00100000
1,751,9.169759,9.106286,76.1030,0.445979,0.124581,0.000000,0.00100000
1,752,6.812832,6.736822,104.1888,0.447962,0.123377,0.000000,0.00100000
1,753,7.967248,7.903180,80.9303,0.444929,0.122238,0.000000,0.00100000
1,754,8.379598,8.323499,73.8732,0.444925,0.122062,0.000000,0.00100000
1,813,8.186687,8.126848,83.9701,0.445826,0.122457,0.000000,0.00100000
1,814,7.826017,7.761465,79.3371,0.444045,0.121198,0.000000,0.00100000
1,815,8.161336,8.089212,90.1775,0.440956,0.119374,0.000000,0.00100000
1,816,7.300417,7.231387,89.8920,0.437823,0.118055,0.000000,0.00100000
1,876,7.952564,7.891776,74.9263,0.436881,0.116201,0.000000,0.00100000
1,877,9.051543,8.981130,93.9956,0.438478,0.114906,0.000000,0.00100000
1,878,10.185414,10.112911,101.9996,0.440148,0.114590,0.000000,0.00100000
1,879,7.791028,7.712685,110.5609,0.441713,0.113960,0.000000,0.00100000
1,938,8.052781,7.989130,81.0010,0.441292,0.113623,0.000000,0.00100000
1,939,7.399305,7.328894,92.6444,0.441560,0.112362,0.000000,0.00100000
1,940,6.706302,6.647426,73.7838,0.441550,0.111032,0.000000,0.00100000
1,941,7.003333,6.957650,53.8672,0.440159,0.109583,0.000000,0.00100000
1,1001,9.119390,9.061770,73.5228,0.440932,0.110620,0.000000,0.00100000
1,1002,7.195906,7.136644,75.8964,0.441380,0.110983,0.000000,0.00100000
1,1003,7.381877,7.320755,81.9928,0.442793,0.109959,0.000000,0.00100000
1,1004,6.999047,6.943249,74.6236,0.441040,0.109128,0.000000,0.00100000
1,1063,6.981897,6.906136,100.3698,0.439214,0.107966,0.000000,0.00100000
1,1064,6.703837,6.616290,118.0517,0.436330,0.106770,0.000000,0.00100000
1,1065,8.753353,8.719551,42.1790,0.433247,0.106163,0.000000,0.00100000
1,1066,6.757467,6.687936,84.1928,0.429963,0.105412,0.000000,0.00100000
1,1126,8.849815,8.803349,61.2296,0.427357,0.105630,0.000000,0.00100000
1,1127,8.246586,8.175091,92.0090,0.423572,0.104704,0.000000,0.00100000
1,1128,7.161038,7.090879,92.8674,0.421037,0.103790,0.000000,0.00100000
1,1129,6.769651,6.702134,83.0020,0.418849,0.102827,0.000000,0.00100000
1,1188,5.975151,5.917249,79.0023,0.416874,0.102775,0.000000,0.00100000
1,1189,6.796630,6.715152,123.9400,0.415248,0.102876,0.000000,0.00100000
1,1190,7.751984,7.656627,132.2761,0.413284,0.103158,0.000000,0.00100000
1,1191,8.220834,8.158165,80.1577,0.410575,0.103923,0.000000,0.00100000
1,1251,7.962959,7.898065,78.5489,0.408637,0.105031,0.000000,0.00100000
1,1252,7.854833,7.788730,87.8371,0.407893,0.105208,0.000000,0.00100000
1,1253,7.133751,7.053343,107.7404,0.407309,0.104318,0.000000,0.00100000
1,1254,5.140932,5.065904,99.3297,0.406621,0.103415,0.000000,0.00100000
1,1313,7.239500,7.166271,97.4660,0.404637,0.102604,0.000000,0.00100000
1,1314,7.132941,7.069372,84.8082,0.405794,0.102156,0.000000,0.00100000
1,1315,8.174307,8.120854,66.3660,0.405596,0.101795,0.000000,0.00100000
1,1316,9.365719,9.310951,69.0100,0.404925,0.101966,0.000000,0.00100000
1,1376,8.094304,8.014970,110.8013,0.405590,0.102881,0.000000,0.00100000
1,1377,7.772256,7.711590,76.6544,0.403996,0.103473,0.000000,0.00100000
1,1378,7.166412,7.116113,60.4618,0.404598,0.103441,0.000000,0.00100000
1,1379,6.411345,6.345838,86.8906,0.403895,0.103783,0.000000,0.00100000
1,1438,7.144215,7.068171,102.6354,0.404963,0.104410,0.000000,0.00100000
1,1439,7.182179,7.129058,63.8364,0.403740,0.104409,0.000000,0.00100000
1,1440,7.457736,7.402583,73.6271,0.404427,0.104226,0.000000,0.00100000
1,1441,6.588102,6.506821,113.5381,0.403491,0.104437,0.000000,0.00100000
1,1501,10.018997,9.947452,98.1899,0.404809,0.104317,0.000000,0.00100000
1,1502,6.842142,6.786100,71.1431,0.405729,0.104104,0.000000,0.00100000
1,1503,7.360694,7.305593,67.0097,0.404838,0.103470,0.000000,0.00100000
1,1504,7.076950,7.032966,52.0695,0.404679,0.103200,0.000000,0.00100000
1,1563,7.882828,7.804070,107.7504,0.403240,0.103598,0.000000,0.00100000
1,1564,7.141234,7.087951,65.7972,0.403329,0.104510,0.000000,0.00100000
1,1565,6.007579,5.939627,95.4565,0.404285,0.104265,0.000000,0.00100000
1,1566,5.704871,5.652282,70.0048,0.405304,0.104270,0.000000,0.00100000
1,1626,7.127033,7.043621,110.2911,0.403338,0.104227,0.000000,0.00100000
1,1627,6.203380,6.116415,122.1919,0.401141,0.104342,0.000000,0.00100000
1,1628,7.415299,7.364588,64.1886,0.401108,0.104616,0.000000,0.00100000
1,1629,6.583789,6.513496,90.2170,0.399641,0.104810,0.000000,0.00100000
1,1688,6.260687,6.178051,111.7756,0.397353,0.104726,0.000000,0.00100000
1,1689,5.648199,5.559728,127.1268,0.394937,0.104926,0.000000,0.00100000
1,1690,5.367076,5.314799,63.4709,0.394046,0.105374,0.000000,0.00100000
1,1691,5.192408,5.123610,84.8131,0.392079,0.106240,0.000000,0.00100000
1,1751,5.556914,5.518469,48.1958,0.390930,0.106916,0.000000,0.00100000
1,1752,6.561072,6.526084,43.0581,0.389162,0.107191,0.000000,0.00100000
1,1753,5.401845,5.312633,136.4883,0.387863,0.107965,0.000000,0.00100000
1,1754,5.273932,5.203370,87.4655,0.385415,0.109972,0.000000,0.00100000
1,1813,6.453876,6.385866,85.4707,0.384289,0.111957,0.000000,0.00100000
1,1814,7.377783,7.300261,107.1491,0.383729,0.113192,0.000000,0.00100000
1,1815,6.021573,5.949747,86.9822,0.382112,0.114330,0.000000,0.00100000
1,1816,4.737200,4.665751,88.9103,0.380317,0.115353,0.000000,0.00100000
1,1876,5.380681,5.317502,79.4941,0.378375,0.116822,0.000000,0.00100000
1,1877,5.517566,5.483540,40.7341,0.376879,0.117904,0.000000,0.00100000
1,1878,4.842343,4.763350,103.2514,0.375097,0.119236,0.000000,0.00100000
1,1879,6.309148,6.262761,55.8508,0.374627,0.120000,0.000000,0.00100000
1,1938,5.000869,4.952200,59.5442,0.373269,0.120963,0.000000,0.00100000
1,1939,4.576210,4.500478,100.0268,0.372488,0.122328,0.000000,0.00100000
1,1940,4.320445,4.235574,116.2636,0.372179,0.123705,0.000000,0.00100000
1,1941,5.826804,5.750684,99.8338,0.371647,0.124860,0.000000,0.00100000
1,2001,4.616750,4.556195,77.3573,0.371135,0.125779,0.000000,0.00100000
1,2002,4.661988,4.581259,109.2822,0.370605,0.126272,0.000000,0.00100000
1,2003,3.645366,3.562383,115.0485,0.370115,0.126576,0.000000,0.00100000
1,2004,3.339188,3.294990,55.2249,0.369235,0.126715,0.000000,0.00100000
1,2063,4.682467,4.641331,49.7620,0.368192,0.127365,0.000000,0.00100000
1,2064,4.459437,4.400440,76.8584,0.368000,0.127942,0.000000,0.00100000
1,2065,4.569473,4.495727,107.8891,0.367676,0.128713,0.000000,0.00100000
1,2066,5.289536,5.224026,79.5400,0.366271,0.129359,0.000000,0.00100000
1,2126,5.196750,5.153928,50.7397,0.364543,0.130624,0.000000,0.00100000
1,2127,4.565384,4.524158,50.8119,0.363036,0.131860,0.000000,0.00100000
1,2128,3.526398,3.458984,80.1073,0.361682,0.132228,0.000000,0.00100000
1,2129,4.149112,4.119211,36.2028,0.360446,0.132281,0.000000,0.00100000
1,2188,4.868129,4.833416,41.7409,0.358906,0.133063,0.000000,0.00100000
1,2189,4.997773,4.948271,61.6987,0.357540,0.133767,0.000000,0.00100000
1,2190,4.576901,4.528278,62.7571,0.356333,0.134337,0.000000,0.00100000
1,2191,3.727343,3.693324,41.8505,0.355008,0.134655,0.000000,0.00100000
1,2251,5.370760,5.336424,40.5214,0.353681,0.135114,0.000000,0.00100000
1,2252,4.697872,4.643458,67.4958,0.352445,0.135778,0.000000,0.00100000
1,2253,5.719716,5.646704,98.1161,0.351953,0.136403,0.000000,0.00100000
1,2254,5.139545,5.079585,79.5412,0.352404,0.136109,0.000000,0.00100000
1,2313,6.952903,6.903832,64.1862,0.353106,0.136263,0.000000,0.00100000
1,2314,5.480222,5.431485,61.2492,0.353645,0.136534,0.000000,0.00100000
1,2315,5.667795,5.622198,56.1226,0.353837,0.136556,0.000000,0.00100000
1,2316,5.709066,5.653272,66.8923,0.353320,0.137295,0.000000,0.00100000
1,2376,4.782975,4.724496,73.3290,0.352801,0.137555,0.000000,0.00100000
1,2377,4.252460,4.199090,68.3805,0.352545,0.137691,0.000000,0.00100000
1,2378,4.234031,4.160480,96.5779,0.351097,0.137768,0.000000,0.00100000
1,2379,2.917310,2.864416,67.5909,0.350041,0.137556,0.000000,0.00100000
1,2438,5.499623,5.448889,66.8209,0.349179,0.137411,0.000000,0.00100000
1,2439,4.330544,4.279971,60.0383,0.348121,0.137213,0.000000,0.00100000
1,2440,5.283155,5.225144,78.8763,0.347031,0.137279,0.000000,0.00100000
1,2441,2.935467,2.886559,59.4003,0.345916,0.137405,0.000000,0.00100000
1,2501,5.269983,5.222314,55.1025,0.344745,0.137242,0.000000,0.00100000
1,2502,4.540255,4.497006,49.6470,0.343493,0.137108,0.000000,0.00100000
1,2503,4.200719,4.161809,48.1912,0.342540,0.137078,0.000000,0.00100000
1,2504,5.312315,5.276690,40.7334,0.341095,0.137626,0.000000,0.00100000
1,2563,3.779581,3.751843,32.5117,0.339895,0.137959,0.000000,0.00100000
1,2564,3.807565,3.761730,57.4162,0.338834,0.137898,0.000000,0.00100000
1,2565,5.040601,5.006946,40.0795,0.337787,0.137527,0.000000,0.00100000
1,2566,3.822229,3.776623,54.0306,0.336932,0.137309,0.000000,0.00100000
1,2626,5.659184,5.620934,45.6929,0.335788,0.137223,0.000000,0.00100000
1,2627,3.877864,3.845784,38.7782,0.334755,0.137330,0.000000,0.00100000
1,2628,3.942371,3.911910,36.5203,0.333590,0.137255,0.000000,0.00100000
1,2629,2.943678,2.907798,41.9098,0.332295,0.137006,0.000000,0.00100000
1,2688,7.280324,7.247166,39.3907,0.331454,0.136694,0.000000,0.00100000
1,2689,4.152184,4.104092,56.2404,0.330390,0.136711,0.000000,0.00100000
1,2690,3.845855,3.788092,72.7314,0.329528,0.136548,0.000000,0.00100000
1,2691,3.132071,3.082834,62.4923,0.328630,0.136349,0.000000,0.00100000
1,2751,4.487258,4.455986,38.1143,0.327803,0.136647,0.000000,0.00100000
1,2752,4.020598,3.969481,65.0122,0.326842,0.136602,0.000000,0.00100000
1,2753,3.041309,2.985743,69.7274,0.325705,0.136497,0.000000,0.00100000
1,2754,4.573989,4.542984,37.5308,0.324793,0.136267,0.000000,0.00100000
1,2813,5.355056,5.304488,59.9060,0.323964,0.136157,0.000000,0.00100000
1,2814,3.795409,3.722052,94.9319,0.323136,0.136458,0.000000,0.00100000
1,2815,3.593392,3.540652,63.0427,0.321983,0.136338,0.000000,0.00100000
1,2816,3.878497,3.843961,41.1790,0.321213,0.136124,0.000000,0.00100000
2,1,4.314535,4.249347,82.4220,0.141676,0.129880,0.000000,0.00090451
2,2,3.426297,3.385923,48.9638,0.138033,0.105610,0.000000,0.00090451
2,3,3.562149,3.520338,51.4893,0.150685,0.106684,0.000000,0.00090451
2,4,4.130740,4.081863,57.5337,0.145866,0.109019,0.000000,0.00090451
2,63,4.261221,4.222695,45.5378,0.143175,0.117791,0.000000,0.00090451
2,64,4.505838,4.472541,39.5397,0.140388,0.126280,0.000000,0.00090451
2,65,3.399803,3.370635,34.3531,0.139586,0.122646,0.000000,0.00090451
2,66,3.417816,3.353045,80.4393,0.136162,0.121093,0.000000,0.00090451
2,126,3.242775,3.203506,46.8168,0.136954,0.115415,0.000000,0.00090451
2,127,3.232341,3.185718,56.8358,0.138698,0.111596,0.000000,0.00090451
2,128,2.911825,2.875742,43.2044,0.138115,0.108822,0.000000,0.00090451
2,129,3.746766,3.708527,45.4265,0.137998,0.107967,0.000000,0.00090451
2,188,2.714417,2.690706,28.3494,0.136617,0.104289,0.000000,0.00090451
2,189,2.834873,2.796850,43.6658,0.134599,0.100546,0.000000,0.00090451
2,190,2.680932,2.641097,47.0161,0.133797,0.098838,0.000000,0.00090451
2,191,2.783376,2.738783,54.5227,0.131040,0.096858,0.000000,0.00090451
2,251,3.901307,3.851363,61.7043,0.133339,0.096206,0.000000,0.00090451
2,252,3.321129,3.275286,54.6977,0.133866,0.094701,0.000000,0.00090451
2,253,3.510861,3.461340,62.8574,0.134350,0.093916,0.000000,0.00090451
2,254,3.811150,3.773535,46.3076,0.134909,0.093548,0.000000,0.00090451
2,313,4.965143,4.927793,42.8266,0.134167,0.095270,0.000000,0.00090451
2,314,2.834774,2.803874,36.3097,0.134921,0.093917,0.000000,0.00090451
2,315,4.188317,4.141409,56.8826,0.134479,0.093402,0.000000,0.00090451
2,316,3.386141,3.353382,38.9357,0.133324,0.092459,0.000000,0.00090451
2,376,4.093292,4.055429,45.4467,0.132818,0.091796,0.000000,0.00090451
2,377,3.166216,3.134627,36.9906,0.132065,0.091538,0.000000,0.00090451
2,378,2.794514,2.769332,29.1596,0.131569,0.091140,0.000000,0.00090451
2,379,2.789742,2.748914,51.8226,0.130709,0.089607,0.000000,0.00090451
2,438,3.922099,3.896348,30.2821,0.129802,0.090186,0.000000,0.00090451
2,439,2.544984,2.521364,27.8332,0.129412,0.089483,0.000000,0.00090451
2,440,2.700278,2.667915,37.9371,0.128482,0.088294,0.000000,0.00090451
2,441,2.258817,2.230106,32.9108,0.128261,0.087580,0.000000,0.00090451
2,501,4.703333,4.659327,54.0553,0.127314,0.087652,0.000000,0.00090451
2,502,3.482970,3.452377,35.7218,0.126587,0.089326,0.000000,0.00090451
2,503,2.482569,2.451910,36.9676,0.125615,0.088273,0.000000,0.00090451
2,504,2.909191,2.881487,33.1873,0.124573,0.086826,0.000000,0.00090451
2,563,7.135113,7.084131,62.1211,0.124728,0.086054,0.000000,0.00090451
2,564,4.397825,4.356015,50.3154,0.124499,0.086561,0.000000,0.00090451
2,565,3.691329,3.652928,46.8380,0.123834,0.086505,0.000000,0.00090451
2,566,4.217966,4.185726,39.0135,0.123525,0.086436,0.000000,0.00090451
2,626,4.093282,4.057559,43.0237,0.123238,0.086898,0.000000,0.00090451
2,627,3.144970,3.117917,31.2689,0.122264,0.086196,0.000000,0.00090451
2,628,4.683424,4.620306,83.3096,0.123595,0.085416,0.000000,0.00090451
2,629,5.923473,5.852981,85.3467,0.124256,0.084753,0.000000,0.00090451
2,688,2.756004,2.713048,50.7327,0.124888,0.084100,0.000000,0.00090451
2,689,2.200530,2.171947,33.6529,0.124540,0.083505,0.000000,0.00090451
2,690,3.861174,3.835477,29.9441,0.124685,0.083625,0.000000,0.00090451
2,691,4.583459,4.544821,45.7296,0.124860,0.083487,0.000000,0.00090451
2,751,6.231337,6.196467,42.2835,0.125257,0.085783,0.000000,0.00090451
2,752,3.739726,3.711799,32.1785,0.125186,0.085771,0.000000,0.00090451
2,753,5.424064,5.390818,40.4122,0.125443,0.085491,0.000000,0.00090451
2,754,2.278895,2.255566,27.0633,0.124590,0.085326,0.000000,0.00090451
2,813,2.742989,2.701345,48.7649,0.124348,0.084721,0.000000,0.00090451
2,814,2.375159,2.345958,34.3426,0.123918,0.084088,0.000000,0.00090451
2,815,2.758851,2.730941,32.3557,0.123334,0.083866,0.000000,0.00090451
2,816,2.377199,2.344006,39.5411,0.123033,0.083356,0.000000,0.00090451
2,876,2.745485,2.722378,26.8454,0.122529,0.082886,0.000000,0.00090451
2,877,3.648185,3.614273,41.1946,0.122882,0.083273,0.000000,0.00090451
2,878,3.839564,3.787762,60.5452,0.123089,0.084093,0.000000,0.00090451
2,879,2.821690,2.794664,33.8013,0.123012,0.084642,0.000000,0.00090451
2,938,5.819790,5.770843,61.8074,0.123368,0.084615,0.000000,0.00090451
2,939,3.289263,3.259229,34.3916,0.123398,0.083842,0.000000,0.00090451
2,940,2.456208,2.424968,35.5206,0.123369,0.083047,0.000000,0.00090451
2,941,2.366545,2.320524,54.0375,0.123528,0.082853,0.000000,0.00090451
2,1001,3.166968,3.123679,52.0972,0.123024,0.082819,0.000000,0.00090451
2,1002,2.747676,2.720538,32.1262,0.123575,0.082099,0.000000,0.00090451
2,1003,2.229167,2.198753,36.4531,0.123831,0.081436,0.000000,0.00090451
2,1004,2.148317,2.114408,44.3626,0.123758,0.081014,0.000000,0.00090451
2,1063,3.419049,3.345989,90.7616,0.123373,0.080623,0.000000,0.00090451
2,1064,2.235944,2.172430,77.5961,0.122685,0.080378,0.000000,0.00090451
2,1065,3.436480,3.381893,68.4494,0.122183,0.080912,0.000000,0.00090451
2,1066,2.436377,2.405631,35.9492,0.121845,0.080606,0.000000,0.00090451
2,1126,4.241887,4.208864,38.8850,0.121819,0.080159,0.000000,0.00090451
2,1127,3.311195,3.276193,41.4047,0.121939,0.079904,0.000000,0.00090451
2,1128,2.511257,2.482484,34.1830,0.121923,0.079350,0.000000,0.00090451
2,1129,2.898246,2.840120,69.2493,0.121734,0.079078,0.000000,0.00090451
2,1188,2.517715,2.492543,29.2661,0.121260,0.079141,0.000000,0.00090451
2,1189,3.255258,3.223401,37.6001,0.121399,0.079008,0.000000,0.00090451
2,1190,2.993610,2.955417,46.2108,0.120859,0.079193,0.000000,0.00090451
2,1191,3.550387,3.527543,26.2361,0.120620,0.079781,0.000000,0.00090451
2,1251,3.194218,3.169281,28.7673,0.120356,0.079902,0.000000,0.00090451
2,1252,2.785779,2.755833,34.8190,0.119920,0.079629,0.000000,0.00090451
2,1253,2.643546,2.612112,37.2177,0.120207,0.079067,0.000000,0.00090451
2,1254,1.957312,1.929481,32.1107,0.120308,0.078590,0.000000,0.00090451
2,1313,2.124039,2.077394,54.5898,0.120092,0.078179,0.000000,0.00090451
2,1314,3.000473,2.971259,34.0056,0.119890,0.078105,0.000000,0.00090451
2,1315,2.868865,2.836808,38.3132,0.119789,0.078128,0.000000,0.00090451
2,1316,4.781968,4.758689,26.8868,0.119712,0.078624,0.000000,0.00090451
2,1376,4.634738,4.571634,87.8131,0.119807,0.078615,0.000000,0.00090451
2,1377,3.566318,3.520500,56.9284,0.119660,0.078813,0.000000,0.00090451
2,1378,2.803751,2.769156,41.1655,0.119568,0.078948,0.000000,0.00090451
2,1379,3.327379,3.292156,42.3944,0.120042,0.078655,0.000000,0.00090451
2,1438,2.808423,2.780633,32.3289,0.120139,0.078787,0.000000,0.00090451
2,1439,2.259192,2.229382,35.2144,0.119794,0.078683,0.000000,0.00090451
2,1440,1.877059,1.851215,30.1672,0.119829,0.078307,0.000000,0.00090451
2,1441,1.987761,1.964100,27.2771,0.119522,0.077892,0.000000,0.00090451
2,1501,5.514339,5.481733,38.8960,0.119404,0.077657,0.000000,0.00090451
2,1502,2.404556,2.380828,27.6537,0.119256,0.077408,0.000000,0.00090451
2,1503,2.432550,2.384963,56.7478,0.119325,0.077204,0.000000,0.00090451
2,1504,2.937637,2.903800,40.6232,0.119212,0.077044,0.000000,0.00090451
2,1563,3.543762,3.504847,46.8380,0.119097,0.076897,0.000000,0.00090451
2,1564,2.560099,2.525544,41.6766,0.118962,0.077083,0.000000,0.00090451
2,1565,2.309813,2.287798,25.3155,0.118677,0.076991,0.000000,0.00090451
2,1566,1.907343,1.885179,25.8994,0.118351,0.076881,0.000000,0.00090451
2,1626,4.898905,4.858949,47.5763,0.118249,0.076915,0.000000,0.00090451
2,1627,2.386795,2.360460,30.4774,0.118073,0.076876,0.000000,0.00090451
2,1628,4.690386,4.639367,60.6703,0.118079,0.076810,0.000000,0.00090451
2,1629,2.996266,2.968718,32.2831,0.117831,0.076661,0.000000,0.00090451
2,1688,2.481964,2.436627,52.9297,0.117870,0.076278,0.000000,0.00090451
2,1689,2.514304,2.491477,25.7892,0.117546,0.076074,0.000000,0.00090451
2,1690,2.148369,2.117789,35.2224,0.117291,0.075793,0.000000,0.00090451
2,1691,2.670202,2.632227,44.9971,0.116852,0.075683,0.000000,0.00090451
2,1751,1.930532,1.908090,25.6924,0.116565,0.075450,0.000000,0.00090451
2,1752,3.745610,3.708266,44.1919,0.116267,0.075203,0.000000,0.00090451
2,1753,2.646786,2.619202,31.8658,0.116035,0.074960,0.000000,0.00090451
2,1754,2.593111,2.570689,26.7711,0.116114,0.075115,0.000000,0.00090451
2,1813,2.664670,2.639068,29.7329,0.115863,0.074902,0.000000,0.00090451
2,1814,4.428122,4.403192,28.6538,0.115948,0.074717,0.000000,0.00090451
2,1815,2.659023,2.627243,37.1204,0.116134,0.074364,0.000000,0.00090451
2,1816,2.240532,2.215024,29.2387,0.116091,0.074193,0.000000,0.00090451
2,1876,2.391533,2.365713,29.9467,0.115891,0.074046,0.000000,0.00090451
2,1877,2.435889,2.411872,27.8660,0.115731,0.073790,0.000000,0.00090451
2,1878,2.875281,2.846406,33.8333,0.115401,0.073710,0.000000,0.00090451
2,1879,2.334960,2.304487,34.7951,0.115110,0.073620,0.000000,0.00090451
2,1938,2.729910,2.659387,86.3613,0.115456,0.073522,0.000000,0.00090451
2,1939,2.435164,2.382558,61.1407,0.115793,0.073465,0.000000,0.00090451
2,1940,2.125295,2.070908,64.9574,0.116102,0.073343,0.000000,0.00090451
2,1941,3.275953,3.250184,29.5672,0.116174,0.073408,0.000000,0.00090451
2,2001,2.771944,2.743098,33.7030,0.116042,0.073213,0.000000,0.00090451
2,2002,2.721395,2.676484,53.1788,0.115944,0.072927,0.000000,0.00090451
2,2003,1.985688,1.955031,36.4764,0.115732,0.072606,0.000000,0.00090451
2,2004,1.632871,1.591667,47.4140,0.115797,0.072284,0.000000,0.00090451
2,2063,3.387778,3.356403,36.2952,0.115468,0.072041,0.000000,0.00090451
2,2064,2.915422,2.885120,35.6367,0.115161,0.071705,0.000000,0.00090451
2,2065,2.220871,2.197535,26.7637,0.114863,0.071518,0.000000,0.00090451
2,2066,2.622858,2.601453,24.7182,0.114554,0.071490,0.000000,0.00090451
2,2126,2.656258,2.622822,39.3712,0.114430,0.071330,0.000000,0.00090451
2,2127,2.376123,2.341056,42.6710,0.114235,0.071194,0.000000,0.00090451
2,2128,2.036347,2.010639,30.3068,0.113939,0.071041,0.000000,0.00090451
2,2129,1.641783,1.611211,36.6422,0.113655,0.070762,0.000000,0.00090451
2,2188,3.202933,3.172202,36.8299,0.113344,0.070506,0.000000,0.00090451
2,2189,2.688526,2.650707,44.5873,0.113007,0.070365,0.000000,0.00090451
2,2190,2.399097,2.375187,27.3754,0.112721,0.070158,0.000000,0.00090451
2,2191,1.933952,1.907643,31.4565,0.112367,0.069910,0.000000,0.00090451
2,2251,3.081421,3.053637,32.7155,0.112363,0.069806,0.000000,0.00090451
2,2252,3.767450,3.744009,27.1060,0.112393,0.069559,0.000000,0.00090451
2,2253,2.771143,2.727643,51.4078,0.112265,0.069436,0.000000,0.00090451
2,2254,2.580218,2.553911,29.6408,0.111965,0.069893,0.000000,0.00090451
2,2313,5.502476,5.445611,69.1192,0.111744,0.070145,0.000000,0.00090451
2,2314,4.475655,4.429530,55.5320,0.111514,0.070198,0.000000,0.00090451
2,2315,2.907309,2.873688,39.7273,0.111234,0.070151,0.000000,0.00090451
2,2316,4.078685,4.051561,31.6848,0.111172,0.070090,0.000000,0.00090451
2,2376,3.031053,2.985506,54.0239,0.111116,0.070103,0.000000,0.00090451
2,2377,2.585340,2.554766,36.0828,0.110970,0.070166,0.000000,0.00090451
2,2378,2.724454,2.690392,40.3501,0.110828,0.070141,0.000000,0.00090451
2,2379,2.231210,2.209817,24.5327,0.110682,0.069974,0.000000,0.00090451
2,2438,4.274074,4.235051,47.6169,0.110644,0.069805,0.000000,0.00090451
2,2439,3.375887,3.348475,32.0463,0.110567,0.069604,0.000000,0.00090451
2,2440,4.058640,4.022729,41.9681,0.110369,0.069812,0.000000,0.00090451
2,2441,2.353828,2.336839,19.8171,0.110096,0.069830,0.000000,0.00090451
2,2501,3.716895,3.677170,47.6669,0.109889,0.069937,0.000000,0.00090451
2,2502,3.171341,3.149739,25.4391,0.109611,0.069785,0.000000,0.00090451
2,2503,3.172038,3.141063,35.6974,0.109564,0.069971,0.000000,0.00090451
2,2504,3.805307,3.775948,35.2586,0.109317,0.070517,0.000000,0.00090451
2,2563,3.255839,3.236756,22.3946,0.109075,0.070356,0.000000,0.00090451
2,2564,2.634542,2.603899,36.4585,0.108845,0.070177,0.000000,0.00090451
2,2565,4.515264,4.486444,33.6160,0.108773,0.070097,0.000000,0.00090451
2,2566,2.792004,2.767391,28.2140,0.108605,0.070198,0.000000,0.00090451
2,2626,3.730581,3.700023,36.1278,0.108382,0.070218,0.000000,0.00090451
2,2627,3.050584,3.024544,30.2218,0.108196,0.070253,0.000000,0.00090451
2,2628,3.325834,3.300157,30.3756,0.107937,0.070399,0.000000,0.00090451
2,2629,2.021099,1.997374,27.5013,0.107629,0.070204,0.000000,0.00090451
2,2688,5.474899,5.443840,35.9132,0.107578,0.070075,0.000000,0.00090451
2,2689,3.003314,2.959120,51.3847,0.107609,0.070033,0.000000,0.00090451
2,2690,2.229260,2.194092,41.9236,0.107425,0.069912,0.000000,0.00090451
2,2691,2.267866,2.245232,26.9467,0.107212,0.069808,0.000000,0.00090451
2,2751,2.295308,2.266875,33.0394,0.106920,0.069660,0.000000,0.00090451
2,2752,3.077870,3.039134,45.8148,0.106735,0.069565,0.000000,0.00090451
2,2753,2.125066,2.097928,31.1903,0.106700,0.069535,0.000000,0.00090451
2,2754,3.211733,3.150159,71.7505,0.106677,0.069324,0.000000,0.00090451
2,2813,3.896972,3.855860,50.7829,0.106661,0.069194,0.000000,0.00090451
2,2814,2.928013,2.884393,52.5221,0.106732,0.069148,0.000000,0.00090451
2,2815,2.393108,2.370754,26.0901,0.106602,0.069071,0.000000,0.00090451
2,2816,2.548467,2.518035,35.2920,0.106389,0.069001,0.000000,0.00090451
3,1,2.893622,2.857509,42.2434,0.129225,0.040021,0.000000,0.00065451
3,2,2.416855,2.374787,50.7920,0.127801,0.048380,0.000000,0.00065451
3,3,2.164231,2.120599,52.0515,0.108026,0.055036,0.000000,0.00065451
3,4,2.918650,2.873265,53.8161,0.110459,0.050723,0.000000,0.00065451
3,63,2.652683,2.614361,46.6940,0.118535,0.058859,0.000000,0.00065451
3,64,2.977407,2.944216,39.4511,0.120196,0.063783,0.000000,0.00065451
3,65,2.386707,2.361780,28.8722,0.116807,0.065573,0.000000,0.00065451
3,66,2.338958,2.307564,36.3223,0.110549,0.068266,0.000000,0.00065451
3,126,2.411154,2.383491,32.2272,0.106788,0.068009,0.000000,0.00065451
3,127,2.199093,2.170621,33.3971,0.104143,0.066290,0.000000,0.00065451
3,128,2.138106,2.110917,31.9983,0.103270,0.065742,0.000000,0.00065451
3,129,3.128851,3.096926,36.8689,0.101064,0.063075,0.000000,0.00065451
3,188,2.382408,2.359726,25.9684,0.098733,0.061020,0.000000,0.00065451
3,189,2.367038,2.321098,53.3115,0.096070,0.059740,0.000000,0.00065451
3,190,1.811571,1.791813,22.4899,0.092973,0.058950,0.000000,0.00065451
3,191,2.201593,2.157509,52.6012,0.091079,0.057870,0.000000,0.00065451
3,251,2.457426,2.426731,36.2864,0.089731,0.057394,0.000000,0.00065451
3,252,2.446179,2.413231,38.8249,0.089360,0.056737,0.000000,0.00065451
3,253,2.437059,2.413101,27.7121,0.088577,0.057424,0.000000,0.00065451
3,254,3.214980,3.189059,29.9523,0.087294,0.058623,0.000000,0.00065451
3,313,2.944633,2.903651,47.9147,0.086311,0.058971,0.000000,0.00065451
3,314,2.071017,2.049802,24.5946,0.084892,0.059275,0.000000,0.00065451
3,315,2.813178,2.756680,71.0663,0.085043,0.058595,0.000000,0.00065451
3,316,2.512682,2.456562,70.2121,0.085250,0.057997,0.000000,0.00065451
3,376,2.664353,2.635590,34.2549,0.084529,0.057579,0.000000,0.00065451
3,377,2.220614,2.194737,30.9569,0.083746,0.057846,0.000000,0.00065451
3,378,2.047205,2.020676,31.1686,0.082750,0.057352,0.000000,0.00065451
3,379,1.959803,1.927995,38.5071,0.082136,0.056774,0.000000,0.00065451
3,438,2.745474,2.721132,28.3534,0.081839,0.057106,0.000000,0.00065451
3,439,1.883762,1.861372,25.9849,0.081604,0.056347,0.000000,0.00065451
3,440,2.183782,2.152760,35.8215,0.081012,0.055907,0.000000,0.00065451
3,441,1.725869,1.706135,22.2798,0.080893,0.055558,0.000000,0.00065451
3,501,3.722009,3.683823,47.5464,0.080501,0.055839,0.000000,0.00065451
3,502,2.308267,2.279871,33.2999,0.079929,0.055527,0.000000,0.00065451
3,503,2.093422,2.063589,34.9050,0.079202,0.054911,0.000000,0.00065451
3,504,2.550900,2.527852,27.5146,0.078196,0.054019,0.000000,0.00065451
3,563,5.318919,5.287141,37.3761,0.077421,0.054108,0.000000,0.00065451
3,564,3.072156,3.041843,35.7885,0.076832,0.053676,0.000000,0.00065451
3,565,2.845701,2.821790,27.3616,0.076195,0.053854,0.000000,0.00065451
3,566,2.608008,2.586740,24.3617,0.075844,0.054146,0.000000,0.00065451
3,626,3.100202,3.068731,38.6436,0.075521,0.054042,0.000000,0.00065451
3,627,2.306885,2.281274,29.9515,0.075211,0.054001,0.000000,0.00065451
3,628,3.735723,3.696644,47.5889,0.075217,0.053523,0.000000,0.00065451
3,629,5.092114,5.048987,51.9666,0.075080,0.052879,0.000000,0.00065451
3,688,2.021797,2.000432,24.5734,0.074915,0.052476,0.000000,0.00065451
3,689,1.648306,1.628044,23.8399,0.074453,0.051989,0.000000,0.00065451
3,690,2.623809,2.588513,41.2571,0.074307,0.051582,0.000000,0.00065451
3,691,4.030084,3.995959,41.0306,0.074290,0.051461,0.000000,0.00065451
3,751,4.486794,4.455339,37.3516,0.074628,0.051467,0.000000,0.00065451
3,752,2.589650,2.564296,29.6709,0.074850,0.051363,0.000000,0.00065451
3,753,4.328671,4.295110,40.7846,0.075201,0.051372,0.000000,0.00065451
3,754,1.738548,1.707934,35.6578,0.074634,0.051489,0.000000,0.00065451
3,813,2.221740,2.196421,30.7540,0.074253,0.051445,0.000000,0.00065451
3,814,1.791773,1.768113,27.3300,0.073776,0.051012,0.000000,0.00065451
3,815,2.004570,1.974474,35.1898,0.073396,0.050731,0.000000,0.00065451
3,816,1.917240,1.893575,27.1736,0.073017,0.050310,0.000000,0.00065451
3,876,2.023901,2.002574,24.5941,0.072568,0.050127,0.000000,0.00065451
3,877,2.695159,2.669281,30.2789,0.072222,0.050354,0.000000,0.00065451
3,878,3.170563,3.145210,29.2494,0.072327,0.051083,0.000000,0.00065451
3,879,2.530902,2.511326,23.4970,0.072001,0.051824,0.000000,0.00065451
3,938,3.769720,3.730268,46.1165,0.072255,0.051889,0.000000,0.00065451
3,939,2.851833,2.818363,38.9941,0.072174,0.051733,0.000000,0.00065451
3,940,2.084333,2.051262,38.0658,0.072156,0.051416,0.000000,0.00065451
3,941,2.004593,1.976048,34.3476,0.072322,0.051284,0.000000,0.00065451
3,1001,2.117919,2.082795,40.8065,0.072351,0.051178,0.000000,0.00065451
3,1002,2.692255,2.668489,27.2848,0.072801,0.050864,0.000000,0.00065451
3,1003,1.851191,1.819407,37.5357,0.073573,0.050502,0.000000,0.00065451
3,1004,2.133543,2.098669,40.4716,0.073704,0.050067,0.000000,0.00065451
3,1063,2.746166,2.707730,45.2156,0.073534,0.049775,0.000000,0.00065451
3,1064,2.019899,1.993861,30.4803,0.073352,0.049578,0.000000,0.00065451
3,1065,2.858520,2.826642,37.3388,0.073106,0.049587,0.000000,0.00065451
3,1066,1.793385,1.771614,25.5736,0.072872,0.049676,0.000000,0.00065451
3,1126,2.950733,2.919112,37.4010,0.072854,0.049494,0.000000,0.00065451
3,1127,2.257706,2.230580,31.7127,0.072985,0.049390,0.000000,0.00065451
3,1128,2.038087,2.010432,32.6356,0.073025,0.049242,0.000000,0.00065451
3,1129,1.988861,1.951605,43.7339,0.072775,0.049099,0.000000,0.00065451
3,1188,1.813092,1.790854,25.9221,0.072803,0.048965,0.000000,0.00065451
3,1189,2.651999,2.630557,25.0836,0.072607,0.049172,0.000000,0.00065451
3,1190,2.087644,2.051640,43.7240,0.072397,0.049801,0.000000,0.00065451
3,1191,2.645597,2.621929,27.7547,0.072251,0.049937,0.000000,0.00065451
3,1251,2.402744,2.378856,27.7279,0.072068,0.050905,0.000000,0.00065451
3,1252,2.758178,2.732289,29.9038,0.071821,0.050811,0.000000,0.00065451
3,1253,2.313050,2.280862,37.9973,0.071576,0.050531,0.000000,0.00065451
3,1254,1.505863,1.482453,26.6538,0.071332,0.050270,0.000000,0.00065451
3,1313,2.071587,2.039556,36.9396,0.071150,0.050120,0.000000,0.00065451
3,1314,2.243175,2.211992,36.1812,0.071152,0.050102,0.000000,0.00065451
3,1315,2.590976,2.566931,28.6856,0.071288,0.050154,0.000000,0.00065451
3,1316,4.640967,4.599020,50.0013,0.071193,0.050268,0.000000,0.00065451
3,1376,3.229995,3.199955,35.6316,0.071089,0.050483,0.000000,0.00065451
3,1377,2.608533,2.588960,22.8812,0.070929,0.050743,0.000000,0.00065451
3,1378,2.169790,2.141346,33.2732,0.070732,0.050863,0.000000,0.00065451
3,1379,3.133343,3.109001,28.3594,0.070748,0.051308,0.000000,0.00065451
3,1438,2.401289,2.374178,30.8878,0.070836,0.051304,0.000000,0.00065451
3,1439,1.935559,1.911045,28.1839,0.070730,0.051202,0.000000,0.00065451
3,1440,1.674210,1.649668,29.0703,0.070507,0.051047,0.000000,0.00065451
3,1441,1.797495,1.775548,25.1449,0.070384,0.050868,0.000000,0.00065451
3,1501,3.808512,3.775686,39.5306,0.070436,0.050922,0.000000,0.00065451
3,1502,2.364316,2.344727,22.9176,0.070565,0.050706,0.000000,0.00065451
3,1503,2.408580,2.379609,34.5683,0.070346,0.050696,0.000000,0.00065451
3,1504,1.997834,1.973092,27.9150,0.070046,0.050709,0.000000,0.00065451
3,1563,2.692568,2.667685,28.6561,0.069857,0.050554,0.000000,0.00065451
3,1564,1.924730,1.899038,30.0058,0.069622,0.050452,0.000000,0.00065451
3,1565,1.894907,1.875871,22.1031,0.069371,0.050315,0.000000,0.00065451
3,1566,1.651436,1.631423,23.0271,0.069159,0.050097,0.000000,0.00065451
3,1626,3.559830,3.525117,40.7420,0.069179,0.050170,0.000000,0.00065451
3,1627,1.923858,1.894289,34.6740,0.069063,0.050162,0.000000,0.00065451
3,1628,2.725469,2.683757,49.1013,0.068992,0.050011,0.000000,0.00065451
3,1629,2.393212,2.371494,26.6713,0.068736,0.049943,0.000000,0.00065451
3,1688,1.874614,1.843199,36.6607,0.068648,0.049776,0.000000,0.00065451
3,1689,2.021268,1.996687,28.0876,0.068520,0.049670,0.000000,0.00065451
3,1690,1.797938,1.775870,25.2877,0.068376,0.049572,0.000000,0.00065451
3,1691,2.132902,2.097664,41.6945,0.068167,0.049776,0.000000,0.00065451
3,1751,1.639947,1.618569,24.6809,0.068037,0.049686,0.000000,0.00065451
3,1752,2.838314,2.805012,39.6247,0.067859,0.049553,0.000000,0.00065451
3,1753,2.156506,2.126800,34.1519,0.067719,0.049527,0.000000,0.00065451
3,1754,2.216317,2.187613,33.3428,0.067787,0.049703,0.000000,0.00065451
3,1813,2.988278,2.956872,37.8505,0.067944,0.049791,0.000000,0.00065451
3,1814,3.623800,3.584141,47.9151,0.067859,0.049691,0.000000,0.00065451
3,1815,2.371158,2.344594,31.2415,0.067746,0.049550,0.000000,0.00065451
3,1816,1.895365,1.868003,31.3623,0.067857,0.049439,0.000000,0.00065451
3,1876,1.926057,1.903815,25.3105,0.067857,0.049343,0.000000,0.00065451
3,1877,2.063767,2.034590,34.0345,0.067696,0.049242,0.000000,0.00065451
3,1878,2.165857,2.142229,27.0694,0.067473,0.049332,0.000000,0.00065451
3,1879,2.250900,2.231412,22.8418,0.067323,0.049504,0.000000,0.00065451
3,1938,2.397422,2.350133,57.0312,0.067450,0.049680,0.000000,0.00065451
3,1939,2.156495,2.128355,33.3097,0.067323,0.049859,0.000000,0.00065451
3,1940,1.854341,1.834066,23.2088,0.067251,0.049983,0.000000,0.00065451
3,1941,2.435721,2.397440,44.8422,0.067144,0.050024,0.000000,0.00065451
3,2001,2.280576,2.256561,27.6975,0.067121,0.049920,0.000000,0.00065451
3,2002,2.025222,1.971713,64.1051,0.067236,0.049790,0.000000,0.00065451
3,2003,1.486819,1.463770,26.6934,0.067121,0.049709,0.000000,0.00065451
3,2004,1.538689,1.518235,24.0754,0.067077,0.049584,0.000000,0.00065451
3,2063,2.444705,2.413287,36.2942,0.066985,0.049516,0.000000,0.00065451
3,2064,2.201056,2.174881,30.2951,0.066865,0.049353,0.000000,0.00065451
3,2065,1.911736,1.888685,26.7646,0.066727,0.049301,0.000000,0.00065451
3,2066,2.332456,2.310411,25.2194,0.066570,0.049547,0.000000,0.00065451
3,2126,2.159779,2.133440,30.2803,0.066396,0.049642,0.000000,0.00065451
3,2127,1.913513,1.884767,35.3157,0.066288,0.049820,0.000000,0.00065451
3,2128,1.513774,1.486308,32.4606,0.066204,0.049735,0.000000,0.00065451
3,2129,1.669281,1.641927,32.3115,0.066077,0.049628,0.000000,0.00065451
3,2188,2.387929,2.365756,25.8653,0.065927,0.049649,0.000000,0.00065451
3,2189,1.975933,1.943051,39.4782,0.065817,0.049747,0.000000,0.00065451
3,2190,2.038863,2.016543,25.9560,0.065667,0.049760,0.000000,0.00065451
3,2191,1.657962,1.636275,26.1969,0.065501,0.049699,0.000000,0.00065451
3,2251,2.711792,2.686644,29.0290,0.065573,0.049680,0.000000,0.00065451
3,2252,3.157842,3.135207,26.2520,0.065717,0.049511,0.000000,0.00065451
3,2253,2.686453,2.640897,54.4523,0.065753,0.049487,0.000000,0.00065451
3,2254,2.299602,2.266921,37.8439,0.065658,0.049691,0.000000,0.00065451
3,2313,3.283403,3.243396,47.6587,0.065614,0.049932,0.000000,0.00065451
3,2314,2.888754,2.857090,36.6886,0.065552,0.050117,0.000000,0.00065451
3,2315,2.185649,2.163152,25.9544,0.065536,0.050406,0.000000,0.00065451
3,2316,2.844948,2.816791,32.4160,0.065531,0.050539,0.000000,0.00065451
3,2376,2.296568,2.258784,45.0320,0.065564,0.050733,0.000000,0.00065451
3,2377,2.091267,2.062267,33.5908,0.065574,0.051008,0.000000,0.00065451
3,2378,2.113668,2.084591,34.2754,0.065569,0.050944,0.000000,0.00065451
3,2379,1.627424,1.608144,22.5588,0.065682,0.050957,0.000000,0.00065451
3,2438,3.206959,3.157754,59.3672,0.065671,0.050913,0.000000,0.00065451
3,2439,2.979973,2.944892,40.1502,0.065792,0.050895,0.000000,0.00065451
3,2440,4.135276,4.098353,43.3911,0.065812,0.051055,0.000000,0.00065451
3,2441,1.888128,1.865575,26.1375,0.065863,0.051289,0.000000,0.00065451
3,2501,3.466028,3.433990,36.9049,0.065790,0.051548,0.000000,0.00065451
3,2502,2.874068,2.850486,27.2715,0.065681,0.052077,0.000000,0.00065451
3,2503,2.456092,2.434854,24.2441,0.065618,0.052272,0.000000,0.00065451
3,2504,2.966776,2.942923,27.2256,0.065524,0.052305,0.000000,0.00065451
3,2563,2.202106,2.180988,24.6013,0.065470,0.052359,0.000000,0.00065451
3,2564,2.206311,2.179928,30.8419,0.065368,0.052397,0.000000,0.00065451
3,2565,3.919748,3.888556,36.4618,0.065417,0.052298,0.000000,0.00065451
3,2566,2.356539,2.336746,23.0351,0.065340,0.052338,0.000000,0.00065451
3,2626,3.347645,3.310362,44.3138,0.065340,0.052299,0.000000,0.00065451
3,2627,2.755154,2.715090,48.6263,0.065289,0.052377,0.000000,0.00065451
3,2628,1.940793,1.916359,28.3156,0.065229,0.052442,0.000000,0.00065451
3,2629,1.779859,1.760682,21.4096,0.065145,0.052375,0.000000,0.00065451
3,2688,4.095348,4.052157,51.6948,0.065202,0.052405,0.000000,0.00065451
3,2689,2.524218,2.494807,34.3792,0.065271,0.052414,0.000000,0.00065451
3,2690,2.077379,2.052160,29.1506,0.065286,0.052342,0.000000,0.00065451
3,2691,1.777819,1.755913,25.7609,0.065190,0.052356,0.000000,0.00065451
3,2751,2.342167,2.309832,37.9536,0.065143,0.052273,0.000000,0.00065451
3,2752,2.169419,2.140417,33.7942,0.065047,0.052333,0.000000,0.00065451
3,2753,2.035822,2.014078,25.0727,0.064892,0.052249,0.000000,0.00065451
3,2754,3.053845,3.026391,32.1881,0.064825,0.052073,0.000000,0.00065451
3,2813,2.442486,2.415273,31.9523,0.064816,0.052215,0.000000,0.00065451
3,2814,2.406413,2.363810,52.7012,0.064833,0.052285,0.000000,0.00065451
3,2815,1.640839,1.620420,24.1226,0.064731,0.052248,0.000000,0.00065451
3,2816,2.294760,2.272645,25.4080,0.064722,0.052248,0.000000,0.00065451
4,1,2.941442,2.901125,47.2113,0.066325,0.037475,0.000000,0.00034549
4,2,2.117890,2.089606,33.4552,0.061611,0.035395,0.000000,0.00034549
4,3,1.973809,1.950037,27.8982,0.060054,0.036516,0.000000,0.00034549
4,4,2.574783,2.550489,28.0997,0.063281,0.038766,0.000000,0.00034549
4,63,2.108680,2.072969,42.6772,0.067191,0.041073,0.000000,0.00034549
4,64,2.321135,2.295074,30.0227,0.066151,0.045286,0.000000,0.00034549
4,65,1.961010,1.940068,24.0974,0.064649,0.046690,0.000000,0.00034549
4,66,1.869229,1.843114,30.3177,0.063339,0.048401,0.000000,0.00034549
4,126,2.000781,1.974388,30.6584,0.063992,0.049066,0.000000,0.00034549
4,127,1.928239,1.901980,30.7363,0.063691,0.049463,0.000000,0.00034549
4,128,1.810716,1.785322,29.8422,0.064594,0.050845,0.000000,0.00034549
4,129,2.707862,2.684686,26.5252,0.065594,0.049961,0.000000,0.00034549
4,188,2.085719,2.065372,24.0656,0.065396,0.048521,0.000000,0.00034549
4,189,1.939188,1.903181,42.1869,0.063942,0.047769,0.000000,0.00034549
4,190,1.516952,1.498303,21.2466,0.062651,0.047241,0.000000,0.00034549
4,191,1.781457,1.742258,46.4233,0.062117,0.047349,0.000000,0.00034549
4,251,2.061960,2.034310,33.2561,0.061592,0.047039,0.000000,0.00034549
4,252,2.142388,2.117948,28.9780,0.061516,0.047163,0.000000,0.00034549
4,253,2.053355,2.032238,24.5864,0.061506,0.046745,0.000000,0.00034549
4,254,2.749673,2.719700,34.5636,0.061143,0.047121,0.000000,0.00034549
4,313,2.837522,2.809343,32.4010,0.060593,0.048338,0.000000,0.00034549
4,314,1.923681,1.902218,24.9715,0.059664,0.048522,0.000000,0.00034549
4,315,1.999184,1.963427,44.5371,0.059242,0.048444,0.000000,0.00034549
4,316,2.077175,2.040122,45.1045,0.058840,0.048008,0.000000,0.00034549
4,376,1.996446,1.971355,29.3185,0.058654,0.047758,0.000000,0.00034549
4,377,1.847685,1.824757,26.6033,0.058269,0.048932,0.000000,0.00034549
4,378,1.690822,1.668692,25.7128,0.057810,0.049523,0.000000,0.00034549
4,379,2.074284,2.043740,37.6453,0.058398,0.049403,0.000000,0.00034549
4,438,2.087523,2.067461,23.5317,0.058035,0.050199,0.000000,0.00034549
4,439,1.577363,1.556174,24.3814,0.057786,0.049590,0.000000,0.00034549
4,440,1.702851,1.678480,28.2896,0.057371,0.049075,0.000000,0.00034549
4,441,1.605089,1.584948,23.0475,0.057548,0.048972,0.000000,0.00034549
4,501,3.149716,3.118814,38.1667,0.057585,0.049598,0.000000,0.00034549
4,502,2.048044,2.021962,30.5523,0.057672,0.050168,0.000000,0.00034549
4,503,2.216439,2.195456,24.2754,0.057708,0.050191,0.000000,0.00034549
4,504,2.500431,2.481727,21.9379,0.057105,0.050802,0.000000,0.00034549
4,563,4.062390,4.029727,39.2432,0.056674,0.051443,0.000000,0.00034549
4,564,2.424830,2.394404,35.6089,0.056442,0.051000,0.000000,0.00034549
4,565,2.457211,2.433611,27.2269,0.056070,0.052549,0.000000,0.00034549
4,566,2.154487,2.131436,26.2514,0.056008,0.052656,0.000000,0.00034549
4,626,2.365225,2.338297,32.7828,0.056067,0.052450,0.000000,0.00034549
4,627,2.041001,2.010436,36.1458,0.055949,0.052388,0.000000,0.00034549
4,628,3.157124,3.129265,32.6812,0.055874,0.052223,0.000000,0.00034549
4,629,4.446189,4.411421,40.9157,0.055965,0.052175,0.000000,0.00034549
4,688,1.738139,1.718632,22.3832,0.055717,0.051903,0.000000,0.00034549
4,689,1.489306,1.468694,23.7568,0.055419,0.051423,0.000000,0.00034549
4,690,2.247148,2.222805,28.2120,0.055356,0.051255,0.000000,0.00034549
4,691,2.831799,2.797919,41.4444,0.055328,0.051016,0.000000,0.00034549
4,751,3.902643,3.875620,32.2593,0.055962,0.051189,0.000000,0.00034549
4,752,2.381465,2.354836,31.4425,0.056116,0.051527,0.000000,0.00034549
4,753,3.840563,3.814894,30.3150,0.056556,0.051384,0.000000,0.00034549
4,754,1.613379,1.588187,29.5427,0.056078,0.051032,0.000000,0.00034549
4,813,2.109768,2.086653,27.2477,0.055746,0.051094,0.000000,0.00034549
4,814,1.681946,1.661413,23.8498,0.055654,0.050941,0.000000,0.00034549
4,815,1.874482,1.850007,28.7018,0.055426,0.050533,0.000000,0.00034549
4,816,1.595443,1.574189,24.2859,0.055082,0.050257,0.000000,0.00034549
4,876,1.578472,1.557340,24.4215,0.054797,0.050040,0.000000,0.00034549
4,877,2.166036,2.141241,28.6326,0.054685,0.049753,0.000000,0.00034549
4,878,2.424127,2.400785,27.7145,0.054639,0.049878,0.000000,0.00034549
4,879,2.233740,2.213211,23.0311,0.054398,0.050279,0.000000,0.00034549
4,938,3.188401,3.155874,38.9131,0.054675,0.050149,0.000000,0.00034549
4,939,2.341108,2.312795,33.6150,0.054669,0.049963,0.000000,0.00034549
4,940,1.781175,1.743193,44.9432,0.054756,0.049691,0.000000,0.00034549
4,941,1.726833,1.707645,22.0698,0.054957,0.049493,0.000000,0.00034549
4,1001,1.810517,1.782930,31.5065,0.055297,0.049506,0.000000,0.00034549
4,1002,2.168894,2.143463,29.5246,0.057071,0.049540,0.000000,0.00034549
4,1003,1.687255,1.669076,21.0253,0.057112,0.049454,0.000000,0.00034549
4,1004,2.095652,2.065846,34.8783,0.057245,0.049170,0.000000,0.00034549
4,1063,2.052332,2.026604,31.1742,0.057226,0.049066,0.000000,0.00034549
4,1064,1.772537,1.750079,25.8831,0.057289,0.048903,0.000000,0.00034549
4,1065,2.478173,2.453748,28.8667,0.057116,0.049013,0.000000,0.00034549
4,1066,1.564215,1.544944,22.6228,0.056974,0.048829,0.000000,0.00034549
4,1126,2.379281,2.354379,29.3865,0.057024,0.049328,0.000000,0.00034549
4,1127,1.905546,1.882303,27.3762,0.057236,0.049384,0.000000,0.00034549
4,1128,1.812298,1.786418,30.1608,0.057442,0.049333,0.000000,0.00034549
4,1129,1.946212,1.918108,31.8407,0.057346,0.049051,0.000000,0.00034549
4,1188,1.412306,1.392916,22.4550,0.057147,0.049028,0.000000,0.00034549
4,1189,2.179730,2.158518,24.3509,0.057004,0.049027,0.000000,0.00034549
4,1190,2.065459,2.034127,37.8517,0.056751,0.049559,0.000000,0.00034549
4,1191,2.249493,2.228621,24.5119,0.056712,0.050077,0.000000,0.00034549
4,1251,2.131480,2.111308,23.2052,0.056593,0.050125,0.000000,0.00034549
4,1252,2.123885,2.100996,26.5555,0.056557,0.050403,0.000000,0.00034549
4,1253,2.031939,2.006202,30.5596,0.056457,0.050407,0.000000,0.00034549
4,1254,1.332658,1.310532,24.9837,0.056286,0.050294,0.000000,0.00034549
4,1313,1.596062,1.573802,25.7272,0.056081,0.050158,0.000000,0.00034549
4,1314,1.888743,1.865327,27.4021,0.055972,0.049879,0.000000,0.00034549
4,1315,2.194904,2.173750,24.8231,0.055812,0.049720,0.000000,0.00034549
4,1316,3.805759,3.770429,41.5383,0.055741,0.049899,0.000000,0.00034549
4,1376,2.413544,2.390712,27.2646,0.055813,0.049739,0.000000,0.00034549
4,1377,1.975381,1.956429,22.2206,0.055644,0.049843,0.000000,0.00034549
4,1378,1.834531,1.809350,29.3550,0.055565,0.049775,0.000000,0.00034549
4,1379,2.534183,2.511055,26.6744,0.055673,0.049633,0.000000,0.00034549
4,1438,2.419699,2.397699,25.0468,0.055585,0.049487,0.000000,0.00034549
4,1439,1.689743,1.670390,22.1675,0.055407,0.049469,0.000000,0.00034549
4,1440,1.520856,1.501680,22.1332,0.055211,0.049789,0.000000,0.00034549
4,1441,1.555906,1.539202,19.2381,0.055211,0.049743,0.000000,0.00034549
4,1501,2.949158,2.918689,36.3189,0.055153,0.049750,0.000000,0.00034549
4,1502,1.709069,1.690907,21.0485,0.055114,0.049995,0.000000,0.00034549
4,1503,1.656226,1.632708,27.8946,0.055073,0.049925,0.000000,0.00034549
4,1504,1.599025,1.570669,31.9014,0.055116,0.049907,0.000000,0.00034549
4,1563,1.956027,1.937888,21.0225,0.055038,0.049844,0.000000,0.00034549
4,1564,1.658309,1.636109,25.9261,0.054884,0.050130,0.000000,0.00034549
4,1565,1.640213,1.624972,17.6420,0.054789,0.049939,0.000000,0.00034549
4,1566,1.377168,1.358943,21.1389,0.054645,0.050185,0.000000,0.00034549
4,1626,2.559999,2.529775,35.5050,0.054732,0.050117,0.000000,0.00034549
4,1627,1.667789,1.642460,30.5194,0.054806,0.050160,0.000000,0.00034549
4,1628,2.392399,2.363455,33.6314,0.054787,0.050011,0.000000,0.00034549
4,1629,1.866154,1.850573,17.6539,0.054677,0.049933,0.000000,0.00034549
4,1688,1.602489,1.575570,30.7456,0.054633,0.049828,0.000000,0.00034549
4,1689,1.777998,1.758684,21.7375,0.054656,0.049669,0.000000,0.00034549
4,1690,1.519747,1.502455,19.5408,0.054591,0.049512,0.000000,0.00034549
4,1691,1.800161,1.771188,34.7977,0.054518,0.049372,0.000000,0.00034549
4,1751,1.371279,1.352333,22.1193,0.054407,0.049256,0.000000,0.00034549
4,1752,2.139250,2.108534,37.8791,0.054358,0.049287,0.000000,0.00034549
4,1753,1.899526,1.877268,25.4627,0.054306,0.049267,0.000000,0.00034549
4,1754,2.013627,1.993693,23.3088,0.054514,0.049353,0.000000,0.00034549
4,1813,2.147315,2.119447,33.2636,0.054626,0.049552,0.000000,0.00034549
4,1814,2.462904,2.441256,25.1623,0.054731,0.049415,0.000000,0.00034549
4,1815,1.747909,1.730453,20.0221,0.054832,0.049245,0.000000,0.00034549
4,1816,1.598750,1.578920,22.8270,0.054867,0.049253,0.000000,0.00034549
4,1876,1.710689,1.693654,19.5188,0.054826,0.049253,0.000000,0.00034549
4,1877,1.997389,1.977259,23.8252,0.054729,0.049300,0.000000,0.00034549
4,1878,1.725174,1.706774,21.5996,0.054615,0.049283,0.000000,0.00034549
4,1879,1.811396,1.793328,21.3024,0.054622,0.049318,0.000000,0.00034549
4,1938,1.755239,1.729447,31.0921,0.054559,0.049266,0.000000,0.00034549
4,1939,1.621107,1.603694,19.8470,0.054470,0.049248,0.000000,0.00034549
4,1940,1.604847,1.587964,19.5368,0.054406,0.049336,0.000000,0.00034549
4,1941,2.029970,2.004820,29.3317,0.054302,0.049602,0.000000,0.00034549
4,2001,2.044110,2.022390,25.1064,0.054296,0.049622,0.000000,0.00034549
4,2002,1.825629,1.783171,49.4957,0.054249,0.049598,0.000000,0.00034549
4,2003,1.501058,1.481532,22.6560,0.054193,0.049584,0.000000,0.00034549
4,2004,1.610439,1.594668,19.2853,0.054109,0.049618,0.000000,0.00034549
4,2063,2.306239,2.279020,30.8421,0.054028,0.049671,0.000000,0.00034549
4,2064,1.981606,1.953458,34.0052,0.053937,0.049788,0.000000,0.00034549
4,2065,1.691707,1.666332,29.9907,0.053874,0.049896,0.000000,0.00034549
4,2066,1.924275,1.904741,22.7137,0.053872,0.050240,0.000000,0.00034549
4,2126,2.000575,1.979630,23.7724,0.053821,0.050684,0.000000,0.00034549
4,2127,1.853440,1.826832,32.1912,0.053840,0.050680,0.000000,0.00034549
4,2128,1.399390,1.370637,35.3283,0.053823,0.050651,0.000000,0.00034549
4,2129,1.746045,1.720065,30.3954,0.053783,0.050586,0.000000,0.00034549
4,2188,1.899938,1.880705,22.3043,0.053738,0.050564,0.000000,0.00034549
4,2189,1.757477,1.734231,27.4583,0.053650,0.050747,0.000000,0.00034549
4,2190,1.903002,1.883359,23.2069,0.053572,0.050604,0.000000,0.00034549
4,2191,1.616046,1.597303,22.6010,0.053463,0.050794,0.000000,0.00034549
4,2251,2.122733,2.101289,25.2266,0.053500,0.050718,0.000000,0.00034549
4,2252,2.914939,2.889496,30.4848,0.053609,0.050588,0.000000,0.00034549
4,2253,1.608538,1.580485,33.1428,0.053608,0.050555,0.000000,0.00034549
4,2254,1.616410,1.597143,23.0448,0.053606,0.050433,0.000000,0.00034549
4,2313,2.131599,2.094281,44.2568,0.053564,0.050511,0.000000,0.00034549
4,2314,2.354414,2.328877,29.9619,0.053554,0.050635,0.000000,0.00034549
4,2315,1.993074,1.969448,27.4532,0.053544,0.051048,0.000000,0.00034549
4,2316,2.544596,2.522883,25.1533,0.053653,0.051293,0.000000,0.00034549
4,2376,2.046716,2.019033,32.8102,0.053784,0.051353,0.000000,0.00034549
4,2377,1.831060,1.805206,30.4383,0.053829,0.051392,0.000000,0.00034549
4,2378,1.846677,1.818698,32.7193,0.053880,0.051484,0.000000,0.00034549
4,2379,1.603012,1.578121,28.4320,0.053860,0.051544,0.000000,0.00034549
4,2438,2.416026,2.382384,39.4397,0.053818,0.051704,0.000000,0.00034549
4,2439,2.238981,2.212714,30.4497,0.053872,0.051812,0.000000,0.00034549
4,2440,2.859490,2.830746,34.4515,0.053865,0.052176,0.000000,0.00034549
4,2441,1.547989,1.529760,21.0984,0.053802,0.052175,0.000000,0.00034549
4,2501,2.378915,2.357747,24.4309,0.053718,0.052112,0.000000,0.00034549
4,2502,1.976596,1.955554,24.3589,0.053677,0.052448,0.000000,0.00034549
4,2503,1.847314,1.828839,21.3119,0.053663,0.052481,0.000000,0.00034549
4,2504,2.447837,2.424499,26.1654,0.053672,0.052666,0.000000,0.00034549
4,2563,1.819618,1.800079,22.6878,0.053656,0.053130,0.000000,0.00034549
4,2564,1.868145,1.846296,25.4204,0.053616,0.053146,0.000000,0.00034549
4,2565,2.363100,2.338218,28.8558,0.053646,0.053053,0.000000,0.00034549
4,2566,1.789628,1.770591,21.9022,0.053562,0.053090,0.000000,0.00034549
4,2626,2.693083,2.666219,32.5215,0.053563,0.053114,0.000000,0.00034549
4,2627,2.324372,2.292458,39.8756,0.053555,0.053159,0.000000,0.00034549
4,2628,1.568326,1.544611,28.2835,0.053511,0.053119,0.000000,0.00034549
4,2629,1.279180,1.264210,16.8526,0.053479,0.052996,0.000000,0.00034549
4,2688,3.054718,3.029313,29.8929,0.053594,0.052876,0.000000,0.00034549
4,2689,2.089644,2.059492,34.8853,0.053655,0.052970,0.000000,0.00034549
4,2690,1.722761,1.703588,22.0929,0.053697,0.052833,0.000000,0.00034549
4,2691,1.581748,1.563704,21.1948,0.053665,0.052945,0.000000,0.00034549
4,2751,1.981322,1.954543,30.8031,0.053630,0.052946,0.000000,0.00034549
4,2752,1.935544,1.910513,29.1910,0.053556,0.052958,0.000000,0.00034549
4,2753,1.694191,1.674573,22.5152,0.053445,0.052945,0.000000,0.00034549
4,2754,2.059916,2.029069,35.1220,0.053316,0.053082,0.000000,0.00034549
4,2813,2.481946,2.456431,28.7085,0.053255,0.053229,0.000000,0.00034549
4,2814,2.206381,2.173635,39.4549,0.053294,0.053210,0.000000,0.00034549
4,2815,1.485106,1.465018,23.3861,0.053222,0.053384,0.000000,0.00034549
4,2816,1.642884,1.623028,22.9411,0.053236,0.053390,0.000000,0.00034549
5,1,2.061390,2.029075,37.1825,0.050229,0.074637,0.000000,0.00009549
5,2,2.017885,1.992589,29.2925,0.051164,0.061690,0.000000,0.00009549
5,3,1.693383,1.669084,28.2405,0.049561,0.073773,0.000000,0.00009549
5,4,2.108863,2.082281,30.5243,0.051396,0.072314,0.000000,0.00009549
5,63,1.781589,1.757465,28.8513,0.050969,0.067513,0.000000,0.00009549
5,64,2.070475,2.047019,27.0040,0.051547,0.068234,0.000000,0.00009549
5,65,1.732130,1.713710,21.3762,0.051337,0.067880,0.000000,0.00009549
5,66,1.707759,1.682925,28.7910,0.050234,0.072052,0.000000,0.00009549
5,126,1.803389,1.780115,27.0989,0.050700,0.071722,0.000000,0.00009549
5,127,1.755318,1.730862,28.5414,0.050890,0.072651,0.000000,0.00009549
5,128,1.705895,1.683698,26.3667,0.051595,0.070740,0.000000,0.00009549
5,129,2.378494,2.358213,23.4137,0.051935,0.070254,0.000000,0.00009549
5,188,1.886572,1.865926,24.1025,0.051267,0.071217,0.000000,0.00009549
5,189,1.953646,1.916250,44.9320,0.050683,0.068960,0.000000,0.00009549
5,190,1.581875,1.557589,28.5827,0.049638,0.069289,0.000000,0.00009549
5,191,1.647486,1.626076,24.3244,0.048797,0.069535,0.000000,0.00009549
5,251,1.921812,1.898767,27.8196,0.048701,0.069507,0.000000,0.00009549
5,252,1.895108,1.873853,25.0709,0.048585,0.068672,0.000000,0.00009549
5,253,1.884707,1.864646,23.4662,0.048561,0.067929,0.000000,0.00009549
5,254,2.328808,2.302303,32.0325,0.048803,0.068771,0.000000,0.00009549
5,313,2.263381,2.241414,25.2063,0.048802,0.068700,0.000000,0.00009549
5,314,1.765931,1.745934,23.5572,0.048423,0.068166,0.000000,0.00009549
5,315,1.533639,1.509059,30.1931,0.047983,0.066923,0.000000,0.00009549
5,316,1.563569,1.535323,33.3771,0.047610,0.066743,0.000000,0.00009549
5,376,1.713692,1.689273,28.3428,0.047656,0.065973,0.000000,0.00009549
5,377,1.724423,1.703851,23.9763,0.047565,0.066673,0.000000,0.00009549
5,378,1.595032,1.575351,22.6300,0.047260,0.067615,0.000000,0.00009549
5,379,1.668351,1.641482,31.9284,0.047098,0.066857,0.000000,0.00009549
5,438,2.082109,2.059023,26.4887,0.046699,0.066611,0.000000,0.00009549
5,439,1.495212,1.477127,20.8695,0.046376,0.065804,0.000000,0.00009549
5,440,1.442857,1.418144,29.1252,0.046057,0.064835,0.000000,0.00009549
5,441,1.444082,1.418362,29.9671,0.045988,0.063878,0.000000,0.00009549
5,501,2.562591,2.541121,25.4036,0.045725,0.063268,0.000000,0.00009549
5,502,1.972853,1.953023,23.2022,0.045675,0.063635,0.000000,0.00009549
5,503,1.507077,1.487869,22.2592,0.045483,0.062632,0.000000,0.00009549
5,504,2.287176,2.266859,23.2938,0.045084,0.062624,0.000000,0.00009549
5,563,3.171721,3.138003,41.1628,0.044911,0.063929,0.000000,0.00009549
5,564,2.105189,2.079721,29.4830,0.044619,0.063789,0.000000,0.00009549
5,565,2.523035,2.496771,30.7320,0.044326,0.063652,0.000000,0.00009549
5,566,2.281226,2.257104,27.6498,0.044108,0.063892,0.000000,0.00009549
5,626,1.894719,1.873828,24.4722,0.044136,0.063962,0.000000,0.00009549
5,627,1.806263,1.786135,23.0744,0.044046,0.063832,0.000000,0.00009549
5,628,2.518399,2.497650,24.3961,0.044108,0.063783,0.000000,0.00009549
5,629,4.111685,4.087325,27.5284,0.044257,0.063037,0.000000,0.00009549
5,688,1.360718,1.341837,22.0734,0.044057,0.062435,0.000000,0.00009549
5,689,1.585810,1.566467,22.5478,0.043949,0.061803,0.000000,0.00009549
5,690,1.929672,1.909063,24.2059,0.043944,0.061168,0.000000,0.00009549
5,691,2.587504,2.555848,37.1856,0.043837,0.060834,0.000000,0.00009549
5,751,2.490866,2.466856,28.3926,0.043831,0.060254,0.000000,0.00009549
5,752,2.147219,2.121985,29.5963,0.043754,0.059986,0.000000,0.00009549
5,753,3.068121,3.047199,24.8073,0.044057,0.059992,0.000000,0.00009549
5,754,1.433780,1.412028,26.4402,0.043730,0.059990,0.000000,0.00009549
5,813,1.445401,1.422712,26.4212,0.043479,0.059496,0.000000,0.00009549
5,814,1.365187,1.346519,22.1861,0.043436,0.059396,0.000000,0.00009549
5,815,1.607515,1.588019,22.7246,0.043444,0.059713,0.000000,0.00009549
5,816,1.330164,1.312428,20.7515,0.043318,0.059440,0.000000,0.00009549
5,876,1.481274,1.463017,21.2868,0.043201,0.059340,0.000000,0.00009549
5,877,2.024342,2.005023,22.7776,0.043181,0.059386,0.000000,0.00009549
5,878,2.604715,2.578222,31.7751,0.043178,0.059553,0.000000,0.00009549
5,879,2.110690,2.089730,24.6524,0.043071,0.060362,0.000000,0.00009549
5,938,2.238218,2.215869,26.4657,0.043228,0.060390,0.000000,0.00009549
5,939,1.880642,1.861448,22.4940,0.043269,0.060474,0.000000,0.00009549
5,940,1.657051,1.625982,36.5887,0.043305,0.060110,0.000000,0.00009549
5,941,1.513852,1.494316,22.8218,0.043419,0.059701,0.000000,0.00009549
5,1001,1.732181,1.710332,25.1464,0.043514,0.059967,0.000000,0.00009549
5,1002,1.607191,1.586253,23.9879,0.043347,0.059816,0.000000,0.00009549
5,1003,1.465160,1.447541,20.3125,0.043256,0.059527,0.000000,0.00009549
5,1004,1.733418,1.701338,37.8166,0.043268,0.058953,0.000000,0.00009549
5,1063,1.819601,1.801135,22.0837,0.043294,0.059176,0.000000,0.00009549
5,1064,1.604991,1.587551,20.3139,0.043168,0.059188,0.000000,0.00009549
5,1065,2.044412,2.023197,25.0425,0.043086,0.059227,0.000000,0.00009549
5,1066,1.477043,1.460123,20.3037,0.043004,0.059184,0.000000,0.00009549
5,1126,1.805217,1.785357,23.7078,0.043028,0.058986,0.000000,0.00009549
5,1127,1.647198,1.625122,26.1061,0.043186,0.058937,0.000000,0.00009549
5,1128,1.713368,1.691083,25.9104,0.043311,0.058918,0.000000,0.00009549
5,1129,1.739684,1.714547,28.7650,0.043268,0.059101,0.000000,0.00009549
5,1188,1.338279,1.319890,21.4528,0.043096,0.058774,0.000000,0.00009549
5,1189,1.855622,1.835130,23.5789,0.043125,0.058854,0.000000,0.00009549
5,1190,1.890190,1.863336,32.0355,0.042993,0.058887,0.000000,0.00009549
5,1191,2.020988,2.002889,21.2814,0.042899,0.058942,0.000000,0.00009549
5,1251,1.903196,1.884724,21.8130,0.042793,0.058798,0.000000,0.00009549
5,1252,1.693010,1.674673,21.7138,0.042653,0.058809,0.000000,0.00009549
5,1253,1.705250,1.685439,23.3370,0.042644,0.058605,0.000000,0.00009549
5,1254,1.321987,1.304928,19.0513,0.042488,0.058486,0.000000,0.00009549
5,1313,1.395078,1.375109,23.5440,0.042418,0.058583,0.000000,0.00009549
5,1314,1.746611,1.722289,28.4851,0.042378,0.058712,0.000000,0.00009549
5,1315,1.873128,1.850108,26.1916,0.042291,0.059244,0.000000,0.00009549
5,1316,3.182254,3.159750,25.9687,0.042381,0.059540,0.000000,0.00009549
5,1376,1.691285,1.674300,20.0451,0.042410,0.059305,0.000000,0.00009549
5,1377,1.342134,1.326923,17.5657,0.042278,0.059338,0.000000,0.00009549
5,1378,1.677860,1.657439,24.3094,0.042260,0.059376,0.000000,0.00009549
5,1379,1.924330,1.899346,28.4232,0.042403,0.059681,0.000000,0.00009549
5,1438,1.787650,1.765486,26.6509,0.042415,0.059661,0.000000,0.00009549
5,1439,1.458383,1.439862,22.0875,0.042319,0.059577,0.000000,0.00009549
5,1440,1.418248,1.402462,18.4906,0.042212,0.059486,0.000000,0.00009549
5,1441,1.466414,1.452328,16.3024,0.042163,0.059228,0.000000,0.00009549
5,1501,2.603046,2.577090,31.4101,0.042122,0.059251,0.000000,0.00009549
5,1502,1.535861,1.519298,19.3376,0.042097,0.059244,0.000000,0.00009549
5,1503,1.592555,1.571997,24.1195,0.042023,0.058987,0.000000,0.00009549
5,1504,1.416311,1.398842,20.3201,0.041934,0.059405,0.000000,0.00009549
5,1563,1.671332,1.653688,20.7493,0.041976,0.059398,0.000000,0.00009549
5,1564,1.464250,1.443241,24.6786,0.041932,0.059426,0.000000,0.00009549
5,1565,1.535509,1.520818,16.9316,0.041908,0.059282,0.000000,0.00009549
5,1566,1.295892,1.279752,18.8642,0.041830,0.059021,0.000000,0.00009549
5,1626,2.445914,2.421901,28.5067,0.041935,0.058892,0.000000,0.00009549
5,1627,1.436464,1.411927,30.2815,0.042045,0.058710,0.000000,0.00009549
5,1628,1.897895,1.873441,28.0082,0.042033,0.058577,0.000000,0.00009549
5,1629,1.460935,1.442069,20.9802,0.041927,0.058521,0.000000,0.00009549
5,1688,1.398178,1.372068,31.8484,0.041921,0.058370,0.000000,0.00009549
5,1689,1.694624,1.668889,30.7387,0.041997,0.058072,0.000000,0.00009549
5,1690,1.458981,1.438504,24.1842,0.041976,0.057832,0.000000,0.00009549
5,1691,1.654233,1.638683,18.7006,0.041931,0.057854,0.000000,0.00009549
5,1751,1.333696,1.317036,19.3147,0.041890,0.057793,0.000000,0.00009549
5,1752,1.728290,1.699569,35.2794,0.041882,0.057644,0.000000,0.00009549
5,1753,1.443870,1.425746,21.4974,0.041850,0.057713,0.000000,0.00009549
5,1754,1.693151,1.673623,22.4375,0.041932,0.057756,0.000000,0.00009549
5,1813,1.425012,1.409366,18.1922,0.041910,0.058003,0.000000,0.00009549
5,1814,1.848563,1.831466,20.5964,0.041975,0.057920,0.000000,0.00009549
5,1815,1.549476,1.532707,19.8868,0.042038,0.057767,0.000000,0.00009549
5,1816,1.468986,1.452660,18.7352,0.042080,0.057658,0.000000,0.00009549
5,1876,1.447652,1.434095,15.9890,0.042027,0.057551,0.000000,0.00009549
5,1877,1.814098,1.795270,22.0691,0.041966,0.057515,0.000000,0.00009549
5,1878,1.508387,1.490049,21.3800,0.041893,0.057509,0.000000,0.00009549
5,1879,1.841578,1.824855,20.2920,0.041849,0.057466,0.000000,0.00009549
5,1938,1.419117,1.397945,25.2567,0.041834,0.057455,0.000000,0.00009549
5,1939,1.531968,1.517300,17.3260,0.041761,0.057469,0.000000,0.00009549
5,1940,1.485700,1.469721,18.3425,0.041699,0.057461,0.000000,0.00009549
5,1941,1.882293,1.859699,26.2915,0.041644,0.057388,0.000000,0.00009549
5,2001,1.874048,1.848711,29.6739,0.041621,0.057446,0.000000,0.00009549
5,2002,1.568448,1.538452,35.0744,0.041644,0.057399,0.000000,0.00009549
5,2003,1.633286,1.614992,21.5444,0.041606,0.057388,0.000000,0.00009549
5,2004,1.450451,1.428082,25.1806,0.041495,0.057334,0.000000,0.00009549
5,2063,1.586596,1.570760,18.6100,0.041417,0.057156,0.000000,0.00009549
5,2064,1.821006,1.798363,27.2527,0.041336,0.057113,0.000000,0.00009549
5,2065,1.792681,1.769764,27.1056,0.041258,0.057177,0.000000,0.00009549
5,2066,1.653267,1.633691,23.5285,0.041179,0.057429,0.000000,0.00009549
5,2126,1.825735,1.802586,27.6804,0.041147,0.057589,0.000000,0.00009549
5,2127,1.566179,1.546173,23.9696,0.041106,0.057696,0.000000,0.00009549
5,2128,1.300782,1.280683,23.7027,0.041057,0.057542,0.000000,0.00009549
5,2129,1.418521,1.398217,24.3417,0.041054,0.057509,0.000000,0.00009549
5,2188,1.402357,1.383636,22.1778,0.040977,0.057440,0.000000,0.00009549
5,2189,1.593427,1.572838,23.8327,0.040897,0.057615,0.000000,0.00009549
5,2190,1.635538,1.615713,23.0613,0.040833,0.057652,0.000000,0.00009549
5,2191,1.472064,1.456627,18.5294,0.040751,0.057981,0.000000,0.00009549
5,2251,1.934367,1.914079,23.6863,0.040749,0.057889,0.000000,0.00009549
5,2252,2.360468,2.336445,28.8654,0.040850,0.057774,0.000000,0.00009549
5,2253,1.314848,1.291681,27.1898,0.040866,0.057692,0.000000,0.00009549
5,2254,1.322223,1.306219,18.7894,0.040851,0.057818,0.000000,0.00009549
5,2313,1.948500,1.914978,40.3810,0.040822,0.058005,0.000000,0.00009549
5,2314,2.053458,2.025829,32.5144,0.040836,0.058211,0.000000,0.00009549
5,2315,1.818090,1.792269,30.0980,0.040812,0.058485,0.000000,0.00009549
5,2316,2.520802,2.501114,22.9917,0.040941,0.058524,0.000000,0.00009549
5,2376,1.799567,1.778224,25.0970,0.041040,0.058710,0.000000,0.00009549
5,2377,1.721920,1.699609,26.9991,0.041101,0.058736,0.000000,0.00009549
5,2378,1.700846,1.674482,30.7933,0.041179,0.058729,0.000000,0.00009549
5,2379,1.419725,1.396205,27.7338,0.041192,0.058478,0.000000,0.00009549
5,2438,1.983892,1.959533,28.1536,0.041191,0.058864,0.000000,0.00009549
5,2439,1.971996,1.947426,28.5995,0.041218,0.058962,0.000000,0.00009549
5,2440,2.352384,2.329511,26.9537,0.041173,0.059042,0.000000,0.00009549
5,2441,1.452695,1.439603,15.1757,0.041109,0.059115,0.000000,0.00009549
5,2501,1.899270,1.882122,20.2541,0.041063,0.059165,0.000000,0.00009549
5,2502,1.905793,1.885964,23.2269,0.041039,0.059424,0.000000,0.00009549
5,2503,1.893906,1.872902,24.4610,0.041026,0.059421,0.000000,0.00009549
5,2504,2.545340,2.522313,26.3261,0.040944,0.059701,0.000000,0.00009549
5,2563,1.770328,1.750511,22.7594,0.040946,0.059806,0.000000,0.00009549
5,2564,1.845161,1.825036,23.4150,0.040979,0.060036,0.000000,0.00009549
5,2565,2.068428,2.046444,25.2697,0.041073,0.060086,0.000000,0.00009549
5,2566,1.962671,1.945853,19.4930,0.041039,0.060666,0.000000,0.00009549
5,2626,1.634656,1.613644,25.6221,0.041039,0.060829,0.000000,0.00009549
5,2627,1.516344,1.488642,34.6850,0.041036,0.060747,0.000000,0.00009549
5,2628,1.393638,1.371147,27.5336,0.040995,0.060649,0.000000,0.00009549
5,2629,1.360853,1.345160,17.9085,0.040945,0.060608,0.000000,0.00009549
5,2688,2.587412,2.564003,27.3278,0.041031,0.060770,0.000000,0.00009549
5,2689,2.025599,2.003347,25.7097,0.041072,0.061143,0.000000,0.00009549
5,2690,1.544719,1.528512,19.0970,0.041052,0.061264,0.000000,0.00009549
5,2691,1.448262,1.429555,22.2077,0.041019,0.061430,0.000000,0.00009549
5,2751,1.591165,1.573580,21.3205,0.040978,0.061633,0.000000,0.00009549
5,2752,1.818776,1.795395,26.9775,0.040927,0.061495,0.000000,0.00009549
5,2753,1.775408,1.757634,20.5099,0.040858,0.061750,0.000000,0.00009549
5,2754,2.521219,2.493156,32.2639,0.040805,0.061939,0.000000,0.00009549
5,2813,1.956344,1.932152,28.8225,0.040758,0.062021,0.000000,0.00009549
5,2814,1.450163,1.428443,26.4195,0.040738,0.061889,0.000000,0.00009549
5,2815,1.395326,1.377903,20.4975,0.040679,0.061867,0.000000,0.00009549
5,2816,1.480437,1.460973,22.7628,0.040642,0.061857,0.000000,0.00009549
